frame,time_s,speaker,line_id,level_0_1,mouth_state
0,0.0000,none,,0.0000,0
1,0.0333,none,,0.0000,0
2,0.0667,none,,0.0000,0
3,0.1000,none,,0.0000,0
4,0.1333,none,,0.0116,0
5,0.1667,none,,0.0491,0
6,0.2000,none,,0.0930,0
7,0.2333,none,,0.1105,0
8,0.2667,none,,0.1159,0
9,0.3000,none,,0.1174,0
10,0.3333,none,,0.1071,0
11,0.3667,none,,0.0864,0
12,0.4000,none,,0.0678,0
13,0.4333,none,,0.0526,0
14,0.4667,none,,0.0370,0
15,0.5000,none,,0.0286,0
16,0.5333,none,,0.0166,0
17,0.5667,none,,0.0065,0
18,0.6000,none,,0.0000,0
19,0.6333,none,,0.0000,0
20,0.6667,none,,0.0000,0
21,0.7000,none,,0.0000,0
22,0.7333,none,,0.0000,0
23,0.7667,none,,0.0000,0
24,0.8000,none,,0.0000,0
25,0.8333,none,,0.0000,0
26,0.8667,none,,0.0000,0
27,0.9000,none,,0.0000,0
28,0.9333,none,,0.0000,0
29,0.9667,none,,0.4013,0
30,1.0000,fatima,L01,0.7483,3
31,1.0333,fatima,L01,0.8028,3
32,1.0667,fatima,L01,0.6138,2
33,1.1000,fatima,L01,0.9215,3
34,1.1333,fatima,L01,1.0000,3
35,1.1667,fatima,L01,1.0000,3
36,1.2000,fatima,L01,1.0000,3
37,1.2333,fatima,L01,0.8943,3
38,1.2667,fatima,L01,0.6739,3
39,1.3000,fatima,L01,0.6544,3
40,1.3333,fatima,L01,0.7324,3
41,1.3667,fatima,L01,0.8549,3
42,1.4000,fatima,L01,0.9512,3
43,1.4333,fatima,L01,0.9744,3
44,1.4667,fatima,L01,1.0000,3
45,1.5000,fatima,L01,0.9389,3
46,1.5333,fatima,L01,0.8556,3
47,1.5667,fatima,L01,0.9224,3
48,1.6000,fatima,L01,0.9666,3
49,1.6333,fatima,L01,0.8765,3
50,1.6667,fatima,L01,0.9059,3
51,1.7000,fatima,L01,0.9836,3
52,1.7333,fatima,L01,0.9861,3
53,1.7667,fatima,L01,0.9331,3
54,1.8000,fatima,L01,0.9273,3
55,1.8333,fatima,L01,0.7322,3
56,1.8667,fatima,L01,0.3173,1
57,1.9000,fatima,L01,0.0957,0
58,1.9333,fatima,L01,0.0720,0
59,1.9667,fatima,L01,0.6513,3
60,2.0000,fatima,L01,0.8862,3
61,2.0333,fatima,L01,0.9540,3
62,2.0667,fatima,L01,1.0000,3
63,2.1000,fatima,L01,0.7886,3
64,2.1333,fatima,L01,0.3759,2
65,2.1667,fatima,L01,0.4971,2
66,2.2000,fatima,L01,0.7951,3
67,2.2333,fatima,L01,1.0000,3
68,2.2667,fatima,L01,1.0000,3
69,2.3000,fatima,L01,1.0000,3
70,2.3333,fatima,L01,1.0000,3
71,2.3667,fatima,L01,1.0000,3
72,2.4000,fatima,L01,0.6903,3
73,2.4333,fatima,L01,0.3928,2
74,2.4667,fatima,L01,0.4427,2
75,2.5000,fatima,L01,0.4461,2
76,2.5333,fatima,L01,0.3774,2
77,2.5667,fatima,L01,0.3868,2
78,2.6000,fatima,L01,0.2861,1
79,2.6333,fatima,L01,0.1001,0
80,2.6667,fatima,L01,0.5174,2
81,2.7000,fatima,L01,0.8263,3
82,2.7333,fatima,L01,0.8669,3
83,2.7667,fatima,L01,0.8054,3
84,2.8000,fatima,L01,0.8538,3
85,2.8333,fatima,L01,0.8012,3
86,2.8667,fatima,L01,0.5772,2
87,2.9000,fatima,L01,0.2377,1
88,2.9333,fatima,L01,0.1153,1
89,2.9667,fatima,L01,0.0834,0
90,3.0000,fatima,L01,0.0335,0
91,3.0333,fatima,L01,0.0000,0
92,3.0667,fatima,L01,0.0000,0
93,3.1000,fatima,L01,0.0000,0
94,3.1333,fatima,L01,0.0000,0
95,3.1667,fatima,L01,0.0000,0
96,3.2000,fatima,L01,0.0000,0
97,3.2333,fatima,L01,0.0000,0
98,3.2667,fatima,L01,0.0000,0
99,3.3000,fatima,L01,0.0000,0
100,3.3333,fatima,L01,0.0000,0
101,3.3667,fatima,L01,0.0000,0
102,3.4000,fatima,L01,0.3119,1
103,3.4333,fatima,L01,0.3121,1
104,3.4667,fatima,L01,0.4393,2
105,3.5000,fatima,L01,0.7152,3
106,3.5333,fatima,L01,0.7842,3
107,3.5667,fatima,L01,0.8134,3
108,3.6000,fatima,L01,0.8717,3
109,3.6333,fatima,L01,0.9918,3
110,3.6667,fatima,L01,1.0000,3
111,3.7000,fatima,L01,0.8434,3
112,3.7333,fatima,L01,0.5696,2
113,3.7667,fatima,L01,0.7936,3
114,3.8000,fatima,L01,0.9343,3
115,3.8333,fatima,L01,0.8120,3
116,3.8667,fatima,L01,1.0000,3
117,3.9000,fatima,L01,1.0000,3
118,3.9333,fatima,L01,0.8181,3
119,3.9667,fatima,L01,0.6095,2
120,4.0000,fatima,L01,0.3493,2
121,4.0333,fatima,L01,0.0618,0
122,4.0667,fatima,L01,0.1979,1
123,4.1000,fatima,L01,0.5783,2
124,4.1333,fatima,L01,0.5587,2
125,4.1667,fatima,L01,0.2021,1
126,4.2000,fatima,L01,0.3078,1
127,4.2333,fatima,L01,0.4650,2
128,4.2667,fatima,L01,0.4907,2
129,4.3000,fatima,L01,0.4472,2
130,4.3333,fatima,L01,0.3917,2
131,4.3667,fatima,L01,0.7353,3
132,4.4000,fatima,L01,0.8670,3
133,4.4333,fatima,L01,0.7127,3
134,4.4667,fatima,L01,0.7120,3
135,4.5000,fatima,L01,0.6871,3
136,4.5333,fatima,L01,0.8728,3
137,4.5667,fatima,L01,0.8244,3
138,4.6000,fatima,L01,0.2570,1
139,4.6333,fatima,L01,0.0000,0
140,4.6667,fatima,L01,0.0000,0
141,4.7000,fatima,L01,0.5058,2
142,4.7333,fatima,L01,0.8361,3
143,4.7667,fatima,L01,0.9530,3
144,4.8000,fatima,L01,0.8134,3
145,4.8333,fatima,L01,0.5144,2
146,4.8667,fatima,L01,0.1181,1
147,4.9000,fatima,L01,0.0998,0
148,4.9333,fatima,L01,0.1273,1
149,4.9667,fatima,L01,0.2138,1
150,5.0000,fatima,L01,0.2383,1
151,5.0333,fatima,L01,0.1967,1
152,5.0667,fatima,L01,0.1640,1
153,5.1000,fatima,L01,0.1259,1
154,5.1333,fatima,L01,0.0888,0
155,5.1667,none,,0.0429,0
156,5.2000,none,,0.0037,0
157,5.2333,none,,0.0000,0
158,5.2667,none,,0.0000,0
159,5.3000,none,,0.0000,0
160,5.3333,none,,0.0000,0
161,5.3667,none,,0.0000,0
162,5.4000,none,,0.0000,0
163,5.4333,none,,0.0000,0
164,5.4667,none,,0.0000,0
165,5.5000,none,,0.0000,0
166,5.5333,none,,0.0000,0
167,5.5667,none,,0.0769,0
168,5.6000,fatima,L02,0.1793,1
169,5.6333,fatima,L02,0.2886,1
170,5.6667,fatima,L02,0.3742,2
171,5.7000,fatima,L02,0.3980,2
172,5.7333,fatima,L02,0.3353,2
173,5.7667,fatima,L02,0.2514,1
174,5.8000,fatima,L02,0.1920,1
175,5.8333,fatima,L02,0.1579,1
176,5.8667,fatima,L02,0.1195,1
177,5.9000,fatima,L02,0.0883,0
178,5.9333,fatima,L02,0.0616,0
179,5.9667,fatima,L02,0.0428,0
180,6.0000,fatima,L02,0.0265,0
181,6.0333,fatima,L02,0.0120,0
182,6.0667,fatima,L02,0.0000,0
183,6.1000,fatima,L02,0.0000,0
184,6.1333,fatima,L02,0.0000,0
185,6.1667,fatima,L02,0.0000,0
186,6.2000,fatima,L02,0.0000,0
187,6.2333,fatima,L02,0.0000,0
188,6.2667,fatima,L02,0.0000,0
189,6.3000,fatima,L02,0.0000,0
190,6.3333,fatima,L02,0.0000,0
191,6.3667,fatima,L02,0.0000,0
192,6.4000,fatima,L02,0.0000,0
193,6.4333,fatima,L02,0.1596,1
194,6.4667,fatima,L02,0.1813,1
195,6.5000,fatima,L02,0.6370,3
196,6.5333,fatima,L02,0.8985,3
197,6.5667,fatima,L02,0.7007,3
198,6.6000,fatima,L02,0.2534,1
199,6.6333,fatima,L02,0.6327,3
200,6.6667,fatima,L02,0.6385,3
201,6.7000,fatima,L02,0.2933,1
202,6.7333,fatima,L02,0.6324,3
203,6.7667,fatima,L02,0.8753,3
204,6.8000,fatima,L02,0.6604,3
205,6.8333,fatima,L02,0.2037,1
206,6.8667,fatima,L02,0.2035,1
207,6.9000,fatima,L02,0.3139,1
208,6.9333,fatima,L02,0.8826,3
209,6.9667,fatima,L02,1.0000,3
210,7.0000,fatima,L02,0.9686,3
211,7.0333,fatima,L02,1.0000,3
212,7.0667,fatima,L02,1.0000,3
213,7.1000,fatima,L02,1.0000,3
214,7.1333,fatima,L02,0.9076,3
215,7.1667,fatima,L02,0.6684,3
216,7.2000,fatima,L02,0.7224,3
217,7.2333,fatima,L02,0.9925,3
218,7.2667,fatima,L02,0.9556,3
219,7.3000,fatima,L02,0.7599,3
220,7.3333,fatima,L02,0.9108,3
221,7.3667,fatima,L02,1.0000,3
222,7.4000,fatima,L02,0.8893,3
223,7.4333,fatima,L02,0.8321,3
224,7.4667,fatima,L02,0.9022,3
225,7.5000,fatima,L02,0.8141,3
226,7.5333,fatima,L02,0.4536,2
227,7.5667,fatima,L02,0.0000,0
228,7.6000,fatima,L02,0.0000,0
229,7.6333,fatima,L02,0.0301,0
230,7.6667,fatima,L02,0.7295,3
231,7.7000,fatima,L02,0.9328,3
232,7.7333,fatima,L02,0.7071,3
233,7.7667,fatima,L02,0.5009,2
234,7.8000,fatima,L02,0.4713,2
235,7.8333,fatima,L02,0.3577,2
236,7.8667,fatima,L02,0.3446,2
237,7.9000,fatima,L02,0.7374,3
238,7.9333,fatima,L02,0.8384,3
239,7.9667,fatima,L02,0.5291,2
240,8.0000,fatima,L02,0.2454,1
241,8.0333,fatima,L02,0.0788,0
242,8.0667,fatima,L02,0.0523,0
243,8.1000,fatima,L02,0.0468,0
244,8.1333,none,,0.0295,0
245,8.1667,none,,0.0004,0
246,8.2000,none,,0.0000,0
247,8.2333,none,,0.0000,0
248,8.2667,none,,0.0000,0
249,8.3000,none,,0.0000,0
250,8.3333,none,,0.0000,0
251,8.3667,none,,0.0000,0
252,8.4000,none,,0.0000,0
253,8.4333,none,,0.0391,0
254,8.4667,ghozlan,L03,0.1234,1
255,8.5000,ghozlan,L03,0.3282,2
256,8.5333,ghozlan,L03,0.5955,2
257,8.5667,ghozlan,L03,0.8548,3
258,8.6000,ghozlan,L03,0.9696,3
259,8.6333,ghozlan,L03,0.6953,3
260,8.6667,ghozlan,L03,0.1833,1
261,8.7000,ghozlan,L03,0.0301,0
262,8.7333,ghozlan,L03,0.0448,0
263,8.7667,ghozlan,L03,0.6927,3
264,8.8000,ghozlan,L03,0.9354,3
265,8.8333,ghozlan,L03,1.0000,3
266,8.8667,ghozlan,L03,1.0000,3
267,8.9000,ghozlan,L03,1.0000,3
268,8.9333,ghozlan,L03,1.0000,3
269,8.9667,ghozlan,L03,0.9401,3
270,9.0000,ghozlan,L03,0.9426,3
271,9.0333,ghozlan,L03,0.9713,3
272,9.0667,ghozlan,L03,0.7766,3
273,9.1000,ghozlan,L03,0.5228,2
274,9.1333,ghozlan,L03,0.5686,2
275,9.1667,ghozlan,L03,0.8065,3
276,9.2000,ghozlan,L03,0.9734,3
277,9.2333,ghozlan,L03,1.0000,3
278,9.2667,ghozlan,L03,0.9917,3
279,9.3000,ghozlan,L03,0.9275,3
280,9.3333,ghozlan,L03,0.9757,3
281,9.3667,ghozlan,L03,0.7620,3
282,9.4000,ghozlan,L03,0.2981,1
283,9.4333,ghozlan,L03,0.5903,2
284,9.4667,ghozlan,L03,0.9266,3
285,9.5000,ghozlan,L03,0.9330,3
286,9.5333,ghozlan,L03,0.7805,3
287,9.5667,ghozlan,L03,0.6201,3
288,9.6000,ghozlan,L03,0.6057,2
289,9.6333,ghozlan,L03,0.8542,3
290,9.6667,ghozlan,L03,0.8411,3
291,9.7000,ghozlan,L03,0.7758,3
292,9.7333,ghozlan,L03,0.7773,3
293,9.7667,ghozlan,L03,0.8663,3
294,9.8000,ghozlan,L03,0.7758,3
295,9.8333,ghozlan,L03,0.5878,2
296,9.8667,ghozlan,L03,0.7157,3
297,9.9000,ghozlan,L03,0.8550,3
298,9.9333,ghozlan,L03,0.8938,3
299,9.9667,ghozlan,L03,0.8024,3
300,10.0000,ghozlan,L03,0.7042,3
301,10.0333,ghozlan,L03,0.7530,3
302,10.0667,ghozlan,L03,0.7612,3
303,10.1000,ghozlan,L03,0.5250,2
304,10.1333,ghozlan,L03,0.1917,1
305,10.1667,ghozlan,L03,0.0859,0
306,10.2000,ghozlan,L03,0.0898,0
307,10.2333,ghozlan,L03,0.0903,0
308,10.2667,ghozlan,L03,0.0681,0
309,10.3000,ghozlan,L03,0.0285,0
310,10.3333,ghozlan,L03,0.0000,0
311,10.3667,ghozlan,L03,0.0000,0
312,10.4000,ghozlan,L03,0.0000,0
313,10.4333,ghozlan,L03,0.0000,0
314,10.4667,ghozlan,L03,0.0000,0
315,10.5000,ghozlan,L03,0.0000,0
316,10.5333,ghozlan,L03,0.0000,0
317,10.5667,ghozlan,L03,0.0000,0
318,10.6000,ghozlan,L03,0.6137,2
319,10.6333,ghozlan,L03,0.9287,3
320,10.6667,ghozlan,L03,0.9413,3
321,10.7000,ghozlan,L03,0.7519,3
322,10.7333,ghozlan,L03,0.7826,3
323,10.7667,ghozlan,L03,1.0000,3
324,10.8000,ghozlan,L03,1.0000,3
325,10.8333,ghozlan,L03,0.6469,3
326,10.8667,ghozlan,L03,0.6806,3
327,10.9000,ghozlan,L03,0.9868,3
328,10.9333,ghozlan,L03,0.9284,3
329,10.9667,ghozlan,L03,0.6791,3
330,11.0000,ghozlan,L03,0.4315,2
331,11.0333,ghozlan,L03,0.3251,2
332,11.0667,ghozlan,L03,0.5215,2
333,11.1000,ghozlan,L03,0.8951,3
334,11.1333,ghozlan,L03,0.9862,3
335,11.1667,ghozlan,L03,0.5821,2
336,11.2000,ghozlan,L03,0.0294,0
337,11.2333,ghozlan,L03,0.0000,0
338,11.2667,ghozlan,L03,0.0125,0
339,11.3000,ghozlan,L03,0.4929,2
340,11.3333,ghozlan,L03,0.8796,3
341,11.3667,ghozlan,L03,0.9524,3
342,11.4000,ghozlan,L03,0.9124,3
343,11.4333,ghozlan,L03,1.0000,3
344,11.4667,ghozlan,L03,0.8723,3
345,11.5000,ghozlan,L03,0.5649,2
346,11.5333,ghozlan,L03,0.8228,3
347,11.5667,ghozlan,L03,1.0000,3
348,11.6000,ghozlan,L03,1.0000,3
349,11.6333,ghozlan,L03,1.0000,3
350,11.6667,ghozlan,L03,1.0000,3
351,11.7000,ghozlan,L03,0.6641,3
352,11.7333,ghozlan,L03,0.2898,1
353,11.7667,ghozlan,L03,0.2644,1
354,11.8000,ghozlan,L03,0.7307,3
355,11.8333,ghozlan,L03,0.9873,3
356,11.8667,ghozlan,L03,1.0000,3
357,11.9000,ghozlan,L03,1.0000,3
358,11.9333,ghozlan,L03,1.0000,3
359,11.9667,ghozlan,L03,1.0000,3
360,12.0000,ghozlan,L03,0.9076,3
361,12.0333,ghozlan,L03,0.8687,3
362,12.0667,ghozlan,L03,0.6480,3
363,12.1000,ghozlan,L03,0.3618,2
364,12.1333,ghozlan,L03,0.5440,2
365,12.1667,ghozlan,L03,0.6284,3
366,12.2000,ghozlan,L03,0.4245,2
367,12.2333,ghozlan,L03,0.0372,0
368,12.2667,ghozlan,L03,0.2665,1
369,12.3000,ghozlan,L03,0.7421,3
370,12.3333,ghozlan,L03,0.9002,3
371,12.3667,ghozlan,L03,0.6024,2
372,12.4000,ghozlan,L03,0.1037,0
373,12.4333,ghozlan,L03,0.0418,0
374,12.4667,ghozlan,L03,0.4647,2
375,12.5000,ghozlan,L03,0.8224,3
376,12.5333,ghozlan,L03,0.7459,3
377,12.5667,ghozlan,L03,0.4118,2
378,12.6000,ghozlan,L03,0.3857,2
379,12.6333,ghozlan,L03,0.6152,2
380,12.6667,ghozlan,L03,0.8769,3
381,12.7000,ghozlan,L03,1.0000,3
382,12.7333,ghozlan,L03,0.8749,3
383,12.7667,ghozlan,L03,0.6882,3
384,12.8000,ghozlan,L03,0.7269,3
385,12.8333,ghozlan,L03,0.8902,3
386,12.8667,ghozlan,L03,1.0000,3
387,12.9000,ghozlan,L03,1.0000,3
388,12.9333,ghozlan,L03,0.9931,3
389,12.9667,ghozlan,L03,0.7815,3
390,13.0000,ghozlan,L03,0.4513,2
391,13.0333,ghozlan,L03,0.5399,2
392,13.0667,ghozlan,L03,0.6621,3
393,13.1000,ghozlan,L03,0.4949,2
394,13.1333,ghozlan,L03,0.0987,0
395,13.1667,ghozlan,L03,0.0000,0
396,13.2000,ghozlan,L03,0.0000,0
397,13.2333,ghozlan,L03,0.2592,1
398,13.2667,ghozlan,L03,0.3722,2
399,13.3000,ghozlan,L03,0.4327,2
400,13.3333,ghozlan,L03,0.5929,2
401,13.3667,ghozlan,L03,0.5511,2
402,13.4000,ghozlan,L03,0.2833,1
403,13.4333,ghozlan,L03,0.0183,0
404,13.4667,ghozlan,L03,0.0000,0
405,13.5000,ghozlan,L03,0.0000,0
406,13.5333,ghozlan,L03,0.0000,0
407,13.5667,ghozlan,L03,0.0000,0
408,13.6000,ghozlan,L03,0.0000,0
409,13.6333,ghozlan,L03,0.0000,0
410,13.6667,ghozlan,L03,0.0000,0
411,13.7000,ghozlan,L03,0.0000,0
412,13.7333,ghozlan,L03,0.0000,0
413,13.7667,ghozlan,L03,0.1309,1
414,13.8000,ghozlan,L03,0.7919,3
415,13.8333,ghozlan,L03,0.9219,3
416,13.8667,ghozlan,L03,0.5609,2
417,13.9000,ghozlan,L03,0.3364,2
418,13.9333,ghozlan,L03,0.3504,2
419,13.9667,ghozlan,L03,0.6855,3
420,14.0000,ghozlan,L03,0.9933,3
421,14.0333,ghozlan,L03,1.0000,3
422,14.0667,ghozlan,L03,1.0000,3
423,14.1000,ghozlan,L03,1.0000,3
424,14.1333,ghozlan,L03,1.0000,3
425,14.1667,ghozlan,L03,0.9341,3
426,14.2000,ghozlan,L03,0.7060,3
427,14.2333,ghozlan,L03,0.9155,3
428,14.2667,ghozlan,L03,1.0000,3
429,14.3000,ghozlan,L03,1.0000,3
430,14.3333,ghozlan,L03,1.0000,3
431,14.3667,ghozlan,L03,0.9230,3
432,14.4000,ghozlan,L03,0.6230,3
433,14.4333,ghozlan,L03,0.2704,1
434,14.4667,ghozlan,L03,0.6462,3
435,14.5000,ghozlan,L03,1.0000,3
436,14.5333,ghozlan,L03,1.0000,3
437,14.5667,ghozlan,L03,0.5969,2
438,14.6000,none,,0.1179,0
439,14.6333,none,,0.0041,0
440,14.6667,none,,0.0000,0
441,14.7000,none,,0.0000,0
442,14.7333,none,,0.0000,0
443,14.7667,none,,0.0000,0
444,14.8000,none,,0.0000,0
445,14.8333,none,,0.4164,0
446,14.8667,fatima,L04,1.0000,3
447,14.9000,fatima,L04,1.0000,3
448,14.9333,fatima,L04,0.9945,3
449,14.9667,fatima,L04,0.8050,3
450,15.0000,fatima,L04,0.5524,2
451,15.0333,fatima,L04,0.3225,2
452,15.0667,fatima,L04,0.3388,2
453,15.1000,fatima,L04,0.7471,3
454,15.1333,fatima,L04,0.7219,3
455,15.1667,fatima,L04,0.2214,1
456,15.2000,fatima,L04,0.0477,0
457,15.2333,fatima,L04,0.3824,2
458,15.2667,fatima,L04,0.6283,3
459,15.3000,fatima,L04,0.6836,3
460,15.3333,fatima,L04,0.6258,3
461,15.3667,fatima,L04,0.3531,2
462,15.4000,fatima,L04,0.1406,1
463,15.4333,fatima,L04,0.5859,2
464,15.4667,fatima,L04,0.7197,3
465,15.5000,fatima,L04,0.4614,2
466,15.5333,fatima,L04,0.1504,1
467,15.5667,fatima,L04,0.2294,1
468,15.6000,fatima,L04,0.5606,2
469,15.6333,fatima,L04,0.7439,3
470,15.6667,fatima,L04,0.6480,3
471,15.7000,fatima,L04,0.3616,2
472,15.7333,fatima,L04,0.2502,1
473,15.7667,fatima,L04,0.1394,1
474,15.8000,fatima,L04,0.0061,0
475,15.8333,fatima,L04,0.0000,0
476,15.8667,fatima,L04,0.0000,0
477,15.9000,fatima,L04,0.0000,0
478,15.9333,fatima,L04,0.0000,0
479,15.9667,fatima,L04,0.0000,0
480,16.0000,fatima,L04,0.0000,0
481,16.0333,fatima,L04,0.0000,0
482,16.0667,fatima,L04,0.0000,0
483,16.1000,fatima,L04,0.0709,0
484,16.1333,fatima,L04,0.2326,1
485,16.1667,fatima,L04,0.8321,3
486,16.2000,fatima,L04,0.9442,3
487,16.2333,fatima,L04,0.5741,2
488,16.2667,fatima,L04,0.3550,2
489,16.3000,fatima,L04,0.4458,2
490,16.3333,fatima,L04,0.6723,3
491,16.3667,fatima,L04,0.7574,3
492,16.4000,fatima,L04,0.7319,3
493,16.4333,fatima,L04,0.6774,3
494,16.4667,fatima,L04,0.7398,3
495,16.5000,fatima,L04,0.9198,3
496,16.5333,fatima,L04,1.0000,3
497,16.5667,fatima,L04,1.0000,3
498,16.6000,fatima,L04,1.0000,3
499,16.6333,fatima,L04,1.0000,3
500,16.6667,fatima,L04,0.7768,3
501,16.7000,fatima,L04,0.6501,3
502,16.7333,fatima,L04,0.8431,3
503,16.7667,fatima,L04,0.9621,3
504,16.8000,fatima,L04,0.9540,3
505,16.8333,fatima,L04,0.9889,3
506,16.8667,fatima,L04,0.9448,3
507,16.9000,fatima,L04,0.7903,3
508,16.9333,fatima,L04,0.5349,2
509,16.9667,fatima,L04,0.2744,1
510,17.0000,fatima,L04,0.1867,1
511,17.0333,fatima,L04,0.1553,1
512,17.0667,fatima,L04,0.1012,0
513,17.1000,fatima,L04,0.0537,0
514,17.1333,none,,0.0190,0
515,17.1667,none,,0.0000,0
516,17.2000,none,,0.0000,0
517,17.2333,none,,0.0000,0
518,17.2667,none,,0.0000,0
519,17.3000,none,,0.0000,0
520,17.3333,none,,0.0000,0
521,17.3667,none,,0.0000,0
522,17.4000,none,,0.0000,0
523,17.4333,none,,0.0000,0
524,17.4667,none,,0.1128,0
525,17.5000,dr_heba,L05,0.4513,2
526,17.5333,dr_heba,L05,0.6299,3
527,17.5667,dr_heba,L05,0.6591,3
528,17.6000,dr_heba,L05,0.8628,3
529,17.6333,dr_heba,L05,1.0000,3
530,17.6667,dr_heba,L05,0.7880,3
531,17.7000,dr_heba,L05,0.4436,2
532,17.7333,dr_heba,L05,0.3264,2
533,17.7667,dr_heba,L05,0.4764,2
534,17.8000,dr_heba,L05,0.7509,3
535,17.8333,dr_heba,L05,0.7802,3
536,17.8667,dr_heba,L05,0.4678,2
537,17.9000,dr_heba,L05,0.1552,1
538,17.9333,dr_heba,L05,0.1247,1
539,17.9667,dr_heba,L05,0.6362,3
540,18.0000,dr_heba,L05,0.9645,3
541,18.0333,dr_heba,L05,0.9039,3
542,18.0667,dr_heba,L05,0.5294,2
543,18.1000,dr_heba,L05,0.7168,3
544,18.1333,dr_heba,L05,0.9765,3
545,18.1667,dr_heba,L05,0.9964,3
546,18.2000,dr_heba,L05,0.9770,3
547,18.2333,dr_heba,L05,0.6658,3
548,18.2667,dr_heba,L05,0.1436,1
549,18.3000,dr_heba,L05,0.0000,0
550,18.3333,dr_heba,L05,0.0000,0
551,18.3667,dr_heba,L05,0.1567,1
552,18.4000,dr_heba,L05,0.8133,3
553,18.4333,dr_heba,L05,1.0000,3
554,18.4667,dr_heba,L05,1.0000,3
555,18.5000,dr_heba,L05,0.9836,3
556,18.5333,dr_heba,L05,0.9925,3
557,18.5667,dr_heba,L05,0.9892,3
558,18.6000,dr_heba,L05,0.8974,3
559,18.6333,dr_heba,L05,0.6286,3
560,18.6667,dr_heba,L05,0.2973,1
561,18.7000,dr_heba,L05,0.0585,0
562,18.7333,dr_heba,L05,0.0409,0
563,18.7667,dr_heba,L05,0.0345,0
564,18.8000,dr_heba,L05,0.0203,0
565,18.8333,dr_heba,L05,0.0000,0
566,18.8667,dr_heba,L05,0.0000,0
567,18.9000,dr_heba,L05,0.0000,0
568,18.9333,dr_heba,L05,0.0000,0
569,18.9667,dr_heba,L05,0.0000,0
570,19.0000,dr_heba,L05,0.0000,0
571,19.0333,dr_heba,L05,0.0000,0
572,19.0667,dr_heba,L05,0.0000,0
573,19.1000,dr_heba,L05,0.2246,1
574,19.1333,dr_heba,L05,0.3870,2
575,19.1667,dr_heba,L05,0.3506,2
576,19.2000,dr_heba,L05,0.1071,0
577,19.2333,dr_heba,L05,0.0973,0
578,19.2667,dr_heba,L05,0.2792,1
579,19.3000,dr_heba,L05,0.5595,2
580,19.3333,dr_heba,L05,1.0000,3
581,19.3667,dr_heba,L05,1.0000,3
582,19.4000,dr_heba,L05,0.9250,3
583,19.4333,dr_heba,L05,0.6994,3
584,19.4667,dr_heba,L05,0.6937,3
585,19.5000,dr_heba,L05,0.6875,3
586,19.5333,dr_heba,L05,0.5921,2
587,19.5667,dr_heba,L05,0.4553,2
588,19.6000,dr_heba,L05,0.4958,2
589,19.6333,dr_heba,L05,0.4914,2
590,19.6667,dr_heba,L05,0.4470,2
591,19.7000,dr_heba,L05,0.4210,2
592,19.7333,dr_heba,L05,0.4037,2
593,19.7667,dr_heba,L05,0.4921,2
594,19.8000,dr_heba,L05,0.5261,2
595,19.8333,dr_heba,L05,0.4542,2
596,19.8667,dr_heba,L05,0.5705,2
597,19.9000,dr_heba,L05,0.6385,3
598,19.9333,dr_heba,L05,0.4656,2
599,19.9667,dr_heba,L05,0.1641,1
600,20.0000,dr_heba,L05,0.2092,1
601,20.0333,dr_heba,L05,0.2453,1
602,20.0667,dr_heba,L05,0.1686,1
603,20.1000,dr_heba,L05,0.0066,0
604,20.1333,dr_heba,L05,0.0213,0
605,20.1667,dr_heba,L05,0.1770,1
606,20.2000,dr_heba,L05,0.2801,1
607,20.2333,dr_heba,L05,0.2489,1
608,20.2667,dr_heba,L05,0.1284,1
609,20.3000,dr_heba,L05,0.0690,0
610,20.3333,dr_heba,L05,0.0274,0
611,20.3667,dr_heba,L05,0.0077,0
612,20.4000,dr_heba,L05,0.0220,0
613,20.4333,dr_heba,L05,0.0531,0
614,20.4667,dr_heba,L05,0.0654,0
615,20.5000,dr_heba,L05,0.0609,0
616,20.5333,dr_heba,L05,0.0598,0
617,20.5667,dr_heba,L05,0.0493,0
618,20.6000,dr_heba,L05,0.0295,0
619,20.6333,dr_heba,L05,0.0084,0
620,20.6667,dr_heba,L05,0.0000,0
621,20.7000,dr_heba,L05,0.0000,0
622,20.7333,dr_heba,L05,0.0000,0
623,20.7667,dr_heba,L05,0.0000,0
624,20.8000,dr_heba,L05,0.0000,0
625,20.8333,dr_heba,L05,0.0000,0
626,20.8667,dr_heba,L05,0.1203,1
627,20.9000,dr_heba,L05,0.2088,1
628,20.9333,dr_heba,L05,0.2082,1
629,20.9667,dr_heba,L05,0.1754,1
630,21.0000,dr_heba,L05,0.1926,1
631,21.0333,dr_heba,L05,0.2270,1
632,21.0667,dr_heba,L05,0.2302,1
633,21.1000,dr_heba,L05,0.5192,2
634,21.1333,dr_heba,L05,0.9337,3
635,21.1667,dr_heba,L05,0.9538,3
636,21.2000,dr_heba,L05,0.7039,3
637,21.2333,dr_heba,L05,0.6812,3
638,21.2667,dr_heba,L05,0.6175,2
639,21.3000,dr_heba,L05,0.5764,2
640,21.3333,dr_heba,L05,0.4780,2
641,21.3667,dr_heba,L05,0.2677,1
642,21.4000,dr_heba,L05,0.0660,0
643,21.4333,dr_heba,L05,0.0120,0
644,21.4667,dr_heba,L05,0.0000,0
645,21.5000,dr_heba,L05,0.0000,0
646,21.5333,dr_heba,L05,0.0319,0
647,21.5667,dr_heba,L05,0.2038,1
648,21.6000,dr_heba,L05,0.4602,2
649,21.6333,dr_heba,L05,0.7356,3
650,21.6667,dr_heba,L05,0.7619,3
651,21.7000,dr_heba,L05,0.5445,2
652,21.7333,dr_heba,L05,0.3859,2
653,21.7667,dr_heba,L05,0.2850,1
654,21.8000,dr_heba,L05,0.0672,0
655,21.8333,dr_heba,L05,0.3437,2
656,21.8667,dr_heba,L05,0.5211,2
657,21.9000,dr_heba,L05,0.5494,2
658,21.9333,dr_heba,L05,0.4776,2
659,21.9667,dr_heba,L05,0.4389,2
660,22.0000,dr_heba,L05,0.4581,2
661,22.0333,dr_heba,L05,0.5195,2
662,22.0667,dr_heba,L05,0.6166,2
663,22.1000,dr_heba,L05,0.7297,3
664,22.1333,dr_heba,L05,0.6636,3
665,22.1667,dr_heba,L05,0.3930,2
666,22.2000,dr_heba,L05,0.1835,1
667,22.2333,dr_heba,L05,0.3614,2
668,22.2667,dr_heba,L05,0.5310,2
669,22.3000,dr_heba,L05,0.4718,2
670,22.3333,dr_heba,L05,0.2298,1
671,22.3667,dr_heba,L05,0.0437,0
672,22.4000,dr_heba,L05,0.0000,0
673,22.4333,dr_heba,L05,0.8052,3
674,22.4667,dr_heba,L05,1.0000,3
675,22.5000,dr_heba,L05,1.0000,3
676,22.5333,dr_heba,L05,0.4443,2
677,22.5667,dr_heba,L05,0.5030,2
678,22.6000,dr_heba,L05,0.7037,3
679,22.6333,dr_heba,L05,0.7113,3
680,22.6667,dr_heba,L05,0.5371,2
681,22.7000,dr_heba,L05,0.3523,2
682,22.7333,dr_heba,L05,0.4262,2
683,22.7667,dr_heba,L05,0.3896,2
684,22.8000,dr_heba,L05,0.2302,1
685,22.8333,dr_heba,L05,0.0858,0
686,22.8667,dr_heba,L05,0.5293,2
687,22.9000,dr_heba,L05,0.8286,3
688,22.9333,dr_heba,L05,0.8884,3
689,22.9667,dr_heba,L05,0.8040,3
690,23.0000,dr_heba,L05,0.6744,3
691,23.0333,dr_heba,L05,0.6050,2
692,23.0667,dr_heba,L05,0.5378,2
693,23.1000,dr_heba,L05,0.2403,1
694,23.1333,dr_heba,L05,0.0208,0
695,23.1667,dr_heba,L05,0.2630,1
696,23.2000,dr_heba,L05,0.4728,2
697,23.2333,dr_heba,L05,0.4531,2
698,23.2667,dr_heba,L05,0.2643,1
699,23.3000,dr_heba,L05,0.1938,1
700,23.3333,dr_heba,L05,0.0606,0
701,23.3667,dr_heba,L05,0.0765,0
702,23.4000,dr_heba,L05,0.0904,0
703,23.4333,dr_heba,L05,0.0558,0
704,23.4667,none,,0.0327,0
705,23.5000,none,,0.0067,0
706,23.5333,none,,0.0000,0
707,23.5667,none,,0.0000,0
708,23.6000,none,,0.0000,0
709,23.6333,none,,0.0000,0
710,23.6667,none,,0.0000,0
711,23.7000,none,,0.0572,0
712,23.7333,fatima,L06,0.1897,1
713,23.7667,fatima,L06,0.3934,2
714,23.8000,fatima,L06,0.5369,2
715,23.8333,fatima,L06,0.6370,3
716,23.8667,fatima,L06,0.7613,3
717,23.9000,fatima,L06,0.6372,3
718,23.9333,fatima,L06,0.2452,1
719,23.9667,fatima,L06,0.0397,0
720,24.0000,fatima,L06,0.1513,1
721,24.0333,fatima,L06,0.6303,3
722,24.0667,fatima,L06,0.8918,3
723,24.1000,fatima,L06,0.7225,3
724,24.1333,fatima,L06,0.3120,1
725,24.1667,fatima,L06,0.0057,0
726,24.2000,fatima,L06,0.0000,0
727,24.2333,fatima,L06,0.0610,0
728,24.2667,fatima,L06,0.1496,1
729,24.3000,fatima,L06,0.1775,1
730,24.3333,fatima,L06,0.1683,1
731,24.3667,fatima,L06,0.1466,1
732,24.4000,fatima,L06,0.0979,0
733,24.4333,fatima,L06,0.1559,1
734,24.4667,fatima,L06,0.6374,3
735,24.5000,fatima,L06,0.8113,3
736,24.5333,fatima,L06,0.6158,2
737,24.5667,fatima,L06,0.3081,1
738,24.6000,fatima,L06,0.2983,1
739,24.6333,fatima,L06,0.3581,2
740,24.6667,fatima,L06,0.5501,2
741,24.7000,fatima,L06,0.5188,2
742,24.7333,fatima,L06,0.2445,1
743,24.7667,fatima,L06,0.2348,1
744,24.8000,fatima,L06,0.2379,1
745,24.8333,fatima,L06,0.1131,1
746,24.8667,fatima,L06,0.0530,0
747,24.9000,fatima,L06,0.0201,0
748,24.9333,fatima,L06,0.0189,0
749,24.9667,fatima,L06,0.0124,0
750,25.0000,fatima,L06,0.0000,0
751,25.0333,fatima,L06,0.0000,0
752,25.0667,fatima,L06,0.0000,0
753,25.1000,fatima,L06,0.0000,0
754,25.1333,fatima,L06,0.0000,0
755,25.1667,none,,0.0003,0
756,25.2000,none,,0.0000,0
757,25.2333,none,,0.0000,0
758,25.2667,none,,0.0000,0
759,25.3000,none,,0.0000,0
760,25.3333,none,,0.0000,0
761,25.3667,none,,0.0000,0
762,25.4000,none,,0.3075,0
763,25.4333,dr_heba,L07,0.6308,3
764,25.4667,dr_heba,L07,0.6944,3
765,25.5000,dr_heba,L07,0.4387,2
766,25.5333,dr_heba,L07,0.0896,0
767,25.5667,dr_heba,L07,0.1354,1
768,25.6000,dr_heba,L07,0.3462,2
769,25.6333,dr_heba,L07,0.4070,2
770,25.6667,dr_heba,L07,0.4136,2
771,25.7000,dr_heba,L07,0.4691,2
772,25.7333,dr_heba,L07,0.3587,2
773,25.7667,dr_heba,L07,0.0000,0
774,25.8000,dr_heba,L07,0.0000,0
775,25.8333,dr_heba,L07,0.0000,0
776,25.8667,dr_heba,L07,0.5034,2
777,25.9000,dr_heba,L07,0.8408,3
778,25.9333,dr_heba,L07,0.8959,3
779,25.9667,dr_heba,L07,0.6580,3
780,26.0000,dr_heba,L07,0.4170,2
781,26.0333,dr_heba,L07,0.4444,2
782,26.0667,dr_heba,L07,0.5629,2
783,26.1000,dr_heba,L07,0.5534,2
784,26.1333,dr_heba,L07,0.4340,2
785,26.1667,dr_heba,L07,0.3725,2
786,26.2000,dr_heba,L07,0.2496,1
787,26.2333,dr_heba,L07,0.1802,1
788,26.2667,dr_heba,L07,0.1030,0
789,26.3000,dr_heba,L07,0.0473,0
790,26.3333,dr_heba,L07,0.0083,0
791,26.3667,dr_heba,L07,0.0000,0
792,26.4000,dr_heba,L07,0.0000,0
793,26.4333,dr_heba,L07,0.0000,0
794,26.4667,dr_heba,L07,0.0000,0
795,26.5000,dr_heba,L07,0.0000,0
796,26.5333,dr_heba,L07,0.0000,0
797,26.5667,dr_heba,L07,0.1112,1
798,26.6000,dr_heba,L07,0.2350,1
799,26.6333,dr_heba,L07,0.4904,2
800,26.6667,dr_heba,L07,0.8584,3
801,26.7000,dr_heba,L07,0.8494,3
802,26.7333,dr_heba,L07,0.6317,3
803,26.7667,dr_heba,L07,0.5683,2
804,26.8000,dr_heba,L07,0.4773,2
805,26.8333,dr_heba,L07,0.4063,2
806,26.8667,dr_heba,L07,0.3354,2
807,26.9000,dr_heba,L07,0.2172,1
808,26.9333,dr_heba,L07,0.0790,0
809,26.9667,dr_heba,L07,0.0300,0
810,27.0000,dr_heba,L07,0.0000,0
811,27.0333,dr_heba,L07,0.0000,0
812,27.0667,dr_heba,L07,0.0000,0
813,27.1000,dr_heba,L07,0.0000,0
814,27.1333,dr_heba,L07,0.0000,0
815,27.1667,dr_heba,L07,0.0000,0
816,27.2000,dr_heba,L07,0.0366,0
817,27.2333,dr_heba,L07,0.3771,2
818,27.2667,dr_heba,L07,0.4848,2
819,27.3000,dr_heba,L07,0.4266,2
820,27.3333,dr_heba,L07,0.3014,1
821,27.3667,dr_heba,L07,0.2872,1
822,27.4000,dr_heba,L07,0.3252,2
823,27.4333,dr_heba,L07,0.3946,2
824,27.4667,dr_heba,L07,0.3840,2
825,27.5000,dr_heba,L07,0.2817,1
826,27.5333,dr_heba,L07,0.0809,0
827,27.5667,dr_heba,L07,0.2148,1
828,27.6000,dr_heba,L07,0.5930,2
829,27.6333,dr_heba,L07,0.7316,3
830,27.6667,dr_heba,L07,0.5059,2
831,27.7000,dr_heba,L07,0.6648,3
832,27.7333,dr_heba,L07,1.0000,3
833,27.7667,dr_heba,L07,1.0000,3
834,27.8000,dr_heba,L07,0.4348,2
835,27.8333,dr_heba,L07,0.1239,1
836,27.8667,dr_heba,L07,0.0000,0
837,27.9000,dr_heba,L07,0.0000,0
838,27.9333,dr_heba,L07,0.0000,0
839,27.9667,dr_heba,L07,0.1341,1
840,28.0000,dr_heba,L07,0.3415,2
841,28.0333,dr_heba,L07,0.4276,2
842,28.0667,dr_heba,L07,0.4576,2
843,28.1000,dr_heba,L07,0.4812,2
844,28.1333,dr_heba,L07,0.5382,2
845,28.1667,dr_heba,L07,0.5675,2
846,28.2000,dr_heba,L07,0.3954,2
847,28.2333,dr_heba,L07,0.1928,1
848,28.2667,dr_heba,L07,0.1339,1
849,28.3000,dr_heba,L07,0.1053,0
850,28.3333,dr_heba,L07,0.3088,1
851,28.3667,dr_heba,L07,0.7043,3
852,28.4000,dr_heba,L07,0.8332,3
853,28.4333,dr_heba,L07,0.9051,3
854,28.4667,dr_heba,L07,0.8941,3
855,28.5000,dr_heba,L07,0.6146,2
856,28.5333,dr_heba,L07,0.2441,1
857,28.5667,dr_heba,L07,0.1630,1
858,28.6000,dr_heba,L07,0.1858,1
859,28.6333,dr_heba,L07,0.0908,0
860,28.6667,dr_heba,L07,0.0949,0
861,28.7000,dr_heba,L07,0.1654,1
862,28.7333,dr_heba,L07,0.1853,1
863,28.7667,dr_heba,L07,0.3952,2
864,28.8000,dr_heba,L07,0.7166,3
865,28.8333,dr_heba,L07,0.6645,3
866,28.8667,dr_heba,L07,0.2193,1
867,28.9000,dr_heba,L07,0.1615,1
868,28.9333,dr_heba,L07,0.4593,2
869,28.9667,dr_heba,L07,0.5216,2
870,29.0000,dr_heba,L07,0.3050,1
871,29.0333,dr_heba,L07,0.1600,1
872,29.0667,dr_heba,L07,0.3690,2
873,29.1000,dr_heba,L07,0.5751,2
874,29.1333,dr_heba,L07,0.6828,3
875,29.1667,dr_heba,L07,0.7963,3
876,29.2000,dr_heba,L07,0.9101,3
877,29.2333,dr_heba,L07,0.7968,3
878,29.2667,dr_heba,L07,0.6373,3
879,29.3000,dr_heba,L07,0.5817,2
880,29.3333,dr_heba,L07,0.4554,2
881,29.3667,dr_heba,L07,0.3844,2
882,29.4000,dr_heba,L07,0.5901,2
883,29.4333,dr_heba,L07,0.6238,3
884,29.4667,dr_heba,L07,0.3731,2
885,29.5000,dr_heba,L07,0.1176,1
886,29.5333,dr_heba,L07,0.0412,0
887,29.5667,dr_heba,L07,0.0026,0
888,29.6000,dr_heba,L07,0.0309,0
889,29.6333,dr_heba,L07,0.0347,0
890,29.6667,dr_heba,L07,0.0220,0
891,29.7000,dr_heba,L07,0.0128,0
892,29.7333,dr_heba,L07,0.0000,0
893,29.7667,dr_heba,L07,0.0000,0
894,29.8000,dr_heba,L07,0.0000,0
895,29.8333,dr_heba,L07,0.0000,0
896,29.8667,dr_heba,L07,0.0000,0
897,29.9000,dr_heba,L07,0.0000,0
898,29.9333,dr_heba,L07,0.0000,0
899,29.9667,dr_heba,L07,0.0008,0
900,30.0000,dr_heba,L07,0.0233,0
901,30.0333,dr_heba,L07,0.5090,2
902,30.0667,dr_heba,L07,0.6971,3
903,30.1000,dr_heba,L07,0.8498,3
904,30.1333,dr_heba,L07,0.8929,3
905,30.1667,dr_heba,L07,0.7550,3
906,30.2000,dr_heba,L07,0.9919,3
907,30.2333,dr_heba,L07,1.0000,3
908,30.2667,dr_heba,L07,0.8087,3
909,30.3000,dr_heba,L07,0.5423,2
910,30.3333,dr_heba,L07,0.3500,2
911,30.3667,dr_heba,L07,0.4001,2
912,30.4000,dr_heba,L07,0.7648,3
913,30.4333,dr_heba,L07,0.8055,3
914,30.4667,dr_heba,L07,0.4330,2
915,30.5000,dr_heba,L07,0.0859,0
916,30.5333,dr_heba,L07,0.0208,0
917,30.5667,dr_heba,L07,0.0000,0
918,30.6000,dr_heba,L07,0.0000,0
919,30.6333,dr_heba,L07,0.0000,0
920,30.6667,dr_heba,L07,0.0000,0
921,30.7000,dr_heba,L07,0.0000,0
922,30.7333,dr_heba,L07,0.0000,0
923,30.7667,dr_heba,L07,0.0000,0
924,30.8000,dr_heba,L07,0.3022,1
925,30.8333,dr_heba,L07,0.5321,2
926,30.8667,dr_heba,L07,0.7286,3
927,30.9000,dr_heba,L07,1.0000,3
928,30.9333,dr_heba,L07,1.0000,3
929,30.9667,dr_heba,L07,0.8502,3
930,31.0000,dr_heba,L07,0.2855,1
931,31.0333,dr_heba,L07,0.1160,1
932,31.0667,dr_heba,L07,0.0633,0
933,31.1000,dr_heba,L07,0.7305,3
934,31.1333,dr_heba,L07,0.8163,3
935,31.1667,dr_heba,L07,0.5526,2
936,31.2000,dr_heba,L07,0.5343,2
937,31.2333,dr_heba,L07,0.5798,2
938,31.2667,dr_heba,L07,0.4717,2
939,31.3000,dr_heba,L07,0.1864,1
940,31.3333,dr_heba,L07,0.0778,0
941,31.3667,dr_heba,L07,0.3841,2
942,31.4000,dr_heba,L07,0.8483,3
943,31.4333,dr_heba,L07,0.8414,3
944,31.4667,dr_heba,L07,0.3408,2
945,31.5000,dr_heba,L07,0.0000,0
946,31.5333,dr_heba,L07,0.0359,0
947,31.5667,dr_heba,L07,0.4102,2
948,31.6000,dr_heba,L07,0.6070,2
949,31.6333,dr_heba,L07,0.5005,2
950,31.6667,dr_heba,L07,0.1527,1
951,31.7000,dr_heba,L07,0.1278,1
952,31.7333,dr_heba,L07,0.6830,3
953,31.7667,dr_heba,L07,1.0000,3
954,31.8000,dr_heba,L07,1.0000,3
955,31.8333,dr_heba,L07,1.0000,3
956,31.8667,dr_heba,L07,0.9014,3
957,31.9000,dr_heba,L07,0.4478,2
958,31.9333,dr_heba,L07,0.5654,2
959,31.9667,dr_heba,L07,0.5924,2
960,32.0000,dr_heba,L07,0.3661,2
961,32.0333,dr_heba,L07,0.3125,1
962,32.0667,dr_heba,L07,0.4658,2
963,32.1000,dr_heba,L07,0.5908,2
964,32.1333,dr_heba,L07,0.5805,2
965,32.1667,dr_heba,L07,0.9043,3
966,32.2000,dr_heba,L07,1.0000,3
967,32.2333,dr_heba,L07,0.9274,3
968,32.2667,dr_heba,L07,0.6102,2
969,32.3000,dr_heba,L07,0.6180,2
970,32.3333,dr_heba,L07,0.8450,3
971,32.3667,dr_heba,L07,0.6687,3
972,32.4000,dr_heba,L07,0.3381,2
973,32.4333,dr_heba,L07,0.3460,2
974,32.4667,dr_heba,L07,0.3233,2
975,32.5000,dr_heba,L07,0.2849,1
976,32.5333,dr_heba,L07,0.2729,1
977,32.5667,dr_heba,L07,0.1540,1
978,32.6000,dr_heba,L07,0.0301,0
979,32.6333,dr_heba,L07,0.0800,0
980,32.6667,dr_heba,L07,0.2978,1
981,32.7000,dr_heba,L07,0.4587,2
982,32.7333,dr_heba,L07,0.5848,2
983,32.7667,dr_heba,L07,0.6896,3
984,32.8000,dr_heba,L07,0.6946,3
985,32.8333,dr_heba,L07,0.5496,2
986,32.8667,dr_heba,L07,0.3082,1
987,32.9000,dr_heba,L07,0.0866,0
988,32.9333,dr_heba,L07,0.0000,0
989,32.9667,dr_heba,L07,0.0000,0
990,33.0000,dr_heba,L07,0.0279,0
991,33.0333,dr_heba,L07,0.9206,3
992,33.0667,dr_heba,L07,1.0000,3
993,33.1000,dr_heba,L07,1.0000,3
994,33.1333,dr_heba,L07,1.0000,3
995,33.1667,dr_heba,L07,0.6238,3
996,33.2000,dr_heba,L07,0.3282,2
997,33.2333,dr_heba,L07,0.9275,3
998,33.2667,dr_heba,L07,1.0000,3
999,33.3000,dr_heba,L07,1.0000,3
1000,33.3333,dr_heba,L07,1.0000,3
1001,33.3667,dr_heba,L07,0.7765,3
1002,33.4000,dr_heba,L07,0.4040,2
1003,33.4333,dr_heba,L07,0.5434,2
1004,33.4667,dr_heba,L07,0.4859,2
1005,33.5000,dr_heba,L07,0.2158,1
1006,33.5333,dr_heba,L07,0.2534,1
1007,33.5667,dr_heba,L07,0.3416,2
1008,33.6000,dr_heba,L07,0.3052,1
1009,33.6333,dr_heba,L07,0.2430,1
1010,33.6667,dr_heba,L07,0.1848,1
1011,33.7000,dr_heba,L07,0.1850,1
1012,33.7333,dr_heba,L07,0.3094,1
1013,33.7667,dr_heba,L07,0.3020,1
1014,33.8000,dr_heba,L07,0.2093,1
1015,33.8333,dr_heba,L07,0.1746,1
1016,33.8667,dr_heba,L07,0.1349,1
1017,33.9000,dr_heba,L07,0.1060,0
1018,33.9333,dr_heba,L07,0.0546,0
1019,33.9667,dr_heba,L07,0.0155,0
1020,34.0000,dr_heba,L07,0.0111,0
1021,34.0333,dr_heba,L07,0.0000,0
1022,34.0667,dr_heba,L07,0.0000,0
1023,34.1000,dr_heba,L07,0.0000,0
1024,34.1333,dr_heba,L07,0.0000,0
1025,34.1667,dr_heba,L07,0.0000,0
1026,34.2000,dr_heba,L07,0.0000,0
1027,34.2333,dr_heba,L07,0.0000,0
1028,34.2667,dr_heba,L07,0.1713,1
1029,34.3000,dr_heba,L07,0.2378,1
1030,34.3333,dr_heba,L07,0.1787,1
1031,34.3667,dr_heba,L07,0.0537,0
1032,34.4000,dr_heba,L07,0.0603,0
1033,34.4333,dr_heba,L07,0.0844,0
1034,34.4667,dr_heba,L07,0.1673,1
1035,34.5000,dr_heba,L07,0.2943,1
1036,34.5333,dr_heba,L07,0.3162,1
1037,34.5667,dr_heba,L07,0.4150,2
1038,34.6000,dr_heba,L07,0.7337,3
1039,34.6333,dr_heba,L07,0.7530,3
1040,34.6667,dr_heba,L07,0.4296,2
1041,34.7000,dr_heba,L07,0.3265,2
1042,34.7333,dr_heba,L07,0.5234,2
1043,34.7667,dr_heba,L07,0.4768,2
1044,34.8000,dr_heba,L07,0.1858,1
1045,34.8333,dr_heba,L07,0.1754,1
1046,34.8667,dr_heba,L07,0.2070,1
1047,34.9000,dr_heba,L07,0.1677,1
1048,34.9333,dr_heba,L07,0.2787,1
1049,34.9667,dr_heba,L07,0.7948,3
1050,35.0000,dr_heba,L07,1.0000,3
1051,35.0333,dr_heba,L07,1.0000,3
1052,35.0667,dr_heba,L07,1.0000,3
1053,35.1000,dr_heba,L07,1.0000,3
1054,35.1333,dr_heba,L07,1.0000,3
1055,35.1667,dr_heba,L07,0.9695,3
1056,35.2000,dr_heba,L07,1.0000,3
1057,35.2333,dr_heba,L07,1.0000,3
1058,35.2667,dr_heba,L07,1.0000,3
1059,35.3000,dr_heba,L07,0.6479,3
1060,35.3333,dr_heba,L07,0.2830,1
1061,35.3667,dr_heba,L07,0.0805,0
1062,35.4000,dr_heba,L07,0.0000,0
1063,35.4333,dr_heba,L07,0.0000,0
1064,35.4667,dr_heba,L07,0.0000,0
1065,35.5000,dr_heba,L07,0.0000,0
1066,35.5333,dr_heba,L07,0.1124,1
1067,35.5667,dr_heba,L07,0.2532,1
1068,35.6000,dr_heba,L07,0.3000,1
1069,35.6333,dr_heba,L07,0.2212,1
1070,35.6667,dr_heba,L07,0.1357,1
1071,35.7000,dr_heba,L07,0.1075,0
1072,35.7333,dr_heba,L07,0.1038,0
1073,35.7667,dr_heba,L07,0.3647,2
1074,35.8000,dr_heba,L07,1.0000,3
1075,35.8333,dr_heba,L07,1.0000,3
1076,35.8667,dr_heba,L07,0.6715,3
1077,35.9000,dr_heba,L07,0.2108,1
1078,35.9333,dr_heba,L07,0.3184,1
1079,35.9667,dr_heba,L07,0.4493,2
1080,36.0000,dr_heba,L07,0.6075,2
1081,36.0333,dr_heba,L07,0.8606,3
1082,36.0667,dr_heba,L07,0.8899,3
1083,36.1000,dr_heba,L07,0.5873,2
1084,36.1333,dr_heba,L07,0.2460,1
1085,36.1667,dr_heba,L07,0.0282,0
1086,36.2000,dr_heba,L07,0.0000,0
1087,36.2333,dr_heba,L07,0.0000,0
1088,36.2667,dr_heba,L07,0.0000,0
1089,36.3000,dr_heba,L07,0.0021,0
1090,36.3333,dr_heba,L07,0.3363,2
1091,36.3667,dr_heba,L07,0.6573,3
1092,36.4000,dr_heba,L07,0.6316,3
1093,36.4333,dr_heba,L07,0.2627,1
1094,36.4667,dr_heba,L07,0.0821,0
1095,36.5000,dr_heba,L07,0.3181,1
1096,36.5333,dr_heba,L07,0.6597,3
1097,36.5667,dr_heba,L07,0.6186,2
1098,36.6000,dr_heba,L07,0.2024,1
1099,36.6333,dr_heba,L07,0.1487,1
1100,36.6667,dr_heba,L07,0.1890,1
1101,36.7000,dr_heba,L07,0.3633,2
1102,36.7333,dr_heba,L07,0.7711,3
1103,36.7667,dr_heba,L07,1.0000,3
1104,36.8000,dr_heba,L07,1.0000,3
1105,36.8333,dr_heba,L07,0.9583,3
1106,36.8667,dr_heba,L07,0.9320,3
1107,36.9000,dr_heba,L07,0.6876,3
1108,36.9333,dr_heba,L07,0.2333,1
1109,36.9667,dr_heba,L07,0.4055,2
1110,37.0000,dr_heba,L07,0.4471,2
1111,37.0333,dr_heba,L07,0.2561,1
1112,37.0667,dr_heba,L07,0.1816,1
1113,37.1000,dr_heba,L07,0.0691,0
1114,37.1333,dr_heba,L07,0.0301,0
1115,37.1667,dr_heba,L07,0.2803,1
1116,37.2000,dr_heba,L07,0.3270,2
1117,37.2333,dr_heba,L07,0.2082,1
1118,37.2667,dr_heba,L07,0.1301,1
1119,37.3000,dr_heba,L07,0.0912,0
1120,37.3333,dr_heba,L07,0.2884,1
1121,37.3667,dr_heba,L07,0.3522,2
1122,37.4000,dr_heba,L07,0.2476,1
1123,37.4333,dr_heba,L07,0.1138,1
1124,37.4667,dr_heba,L07,0.0692,0
1125,37.5000,dr_heba,L07,0.0237,0
1126,37.5333,dr_heba,L07,0.0000,0
1127,37.5667,dr_heba,L07,0.0000,0
1128,37.6000,dr_heba,L07,0.0000,0
1129,37.6333,dr_heba,L07,0.0000,0
1130,37.6667,dr_heba,L07,0.0000,0
1131,37.7000,dr_heba,L07,0.0000,0
1132,37.7333,dr_heba,L07,0.0000,0
1133,37.7667,dr_heba,L07,0.0000,0
1134,37.8000,dr_heba,L07,0.0000,0
1135,37.8333,dr_heba,L07,0.1776,1
1136,37.8667,dr_heba,L07,0.3670,2
1137,37.9000,dr_heba,L07,0.3336,2
1138,37.9333,dr_heba,L07,0.0832,0
1139,37.9667,dr_heba,L07,0.0270,0
1140,38.0000,dr_heba,L07,0.3836,2
1141,38.0333,dr_heba,L07,0.7051,3
1142,38.0667,dr_heba,L07,0.8018,3
1143,38.1000,dr_heba,L07,0.7088,3
1144,38.1333,dr_heba,L07,0.6799,3
1145,38.1667,dr_heba,L07,0.6543,3
1146,38.2000,dr_heba,L07,0.7069,3
1147,38.2333,dr_heba,L07,1.0000,3
1148,38.2667,dr_heba,L07,1.0000,3
1149,38.3000,dr_heba,L07,1.0000,3
1150,38.3333,dr_heba,L07,0.7166,3
1151,38.3667,dr_heba,L07,0.9134,3
1152,38.4000,dr_heba,L07,0.9188,3
1153,38.4333,dr_heba,L07,0.6839,3
1154,38.4667,dr_heba,L07,0.4462,2
1155,38.5000,dr_heba,L07,0.2531,1
1156,38.5333,dr_heba,L07,0.0493,0
1157,38.5667,dr_heba,L07,0.0000,0
1158,38.6000,dr_heba,L07,0.1594,1
1159,38.6333,dr_heba,L07,0.3406,2
1160,38.6667,dr_heba,L07,0.4809,2
1161,38.7000,dr_heba,L07,0.4776,2
1162,38.7333,dr_heba,L07,0.4021,2
1163,38.7667,dr_heba,L07,0.4050,2
1164,38.8000,dr_heba,L07,0.4194,2
1165,38.8333,dr_heba,L07,0.4927,2
1166,38.8667,dr_heba,L07,0.6559,3
1167,38.9000,dr_heba,L07,0.8356,3
1168,38.9333,dr_heba,L07,0.9458,3
1169,38.9667,dr_heba,L07,0.9030,3
1170,39.0000,dr_heba,L07,0.7775,3
1171,39.0333,dr_heba,L07,0.6509,3
1172,39.0667,dr_heba,L07,0.4594,2
1173,39.1000,dr_heba,L07,0.3716,2
1174,39.1333,dr_heba,L07,0.4468,2
1175,39.1667,dr_heba,L07,0.4190,2
1176,39.2000,dr_heba,L07,0.3412,2
1177,39.2333,dr_heba,L07,0.3214,2
1178,39.2667,dr_heba,L07,0.2364,1
1179,39.3000,dr_heba,L07,0.1876,1
1180,39.3333,dr_heba,L07,0.2707,1
1181,39.3667,dr_heba,L07,0.2538,1
1182,39.4000,dr_heba,L07,0.1615,1
1183,39.4333,dr_heba,L07,0.2075,1
1184,39.4667,dr_heba,L07,0.2750,1
1185,39.5000,dr_heba,L07,0.2431,1
1186,39.5333,dr_heba,L07,0.1787,1
1187,39.5667,dr_heba,L07,0.0963,0
1188,39.6000,dr_heba,L07,0.0482,0
1189,39.6333,dr_heba,L07,0.0481,0
1190,39.6667,none,,0.0372,0
1191,39.7000,none,,0.0118,0
1192,39.7333,none,,0.0000,0
1193,39.7667,none,,0.0000,0
1194,39.8000,none,,0.0000,0
1195,39.8333,none,,0.0000,0
1196,39.8667,none,,0.0000,0
1197,39.9000,none,,0.0000,0
1198,39.9333,none,,0.0944,0
1199,39.9667,ghozlan,L08,0.7228,3
1200,40.0000,ghozlan,L08,1.0000,3
1201,40.0333,ghozlan,L08,1.0000,3
1202,40.0667,ghozlan,L08,1.0000,3
1203,40.1000,ghozlan,L08,1.0000,3
1204,40.1333,ghozlan,L08,0.7763,3
1205,40.1667,ghozlan,L08,0.4537,2
1206,40.2000,ghozlan,L08,0.3049,1
1207,40.2333,ghozlan,L08,0.4312,2
1208,40.2667,ghozlan,L08,0.8611,3
1209,40.3000,ghozlan,L08,1.0000,3
1210,40.3333,ghozlan,L08,0.9845,3
1211,40.3667,ghozlan,L08,1.0000,3
1212,40.4000,ghozlan,L08,0.9266,3
1213,40.4333,ghozlan,L08,0.5413,2
1214,40.4667,ghozlan,L08,0.4732,2
1215,40.5000,ghozlan,L08,0.7378,3
1216,40.5333,ghozlan,L08,0.8414,3
1217,40.5667,ghozlan,L08,0.7063,3
1218,40.6000,ghozlan,L08,0.4079,2
1219,40.6333,ghozlan,L08,0.2316,1
1220,40.6667,ghozlan,L08,0.7101,3
1221,40.7000,ghozlan,L08,1.0000,3
1222,40.7333,ghozlan,L08,1.0000,3
1223,40.7667,ghozlan,L08,0.8134,3
1224,40.8000,ghozlan,L08,0.7908,3
1225,40.8333,ghozlan,L08,0.9205,3
1226,40.8667,ghozlan,L08,0.9537,3
1227,40.9000,ghozlan,L08,1.0000,3
1228,40.9333,ghozlan,L08,1.0000,3
1229,40.9667,ghozlan,L08,0.9125,3
1230,41.0000,ghozlan,L08,0.8476,3
1231,41.0333,ghozlan,L08,0.8314,3
1232,41.0667,ghozlan,L08,0.7592,3
1233,41.1000,ghozlan,L08,0.6442,3
1234,41.1333,ghozlan,L08,0.6249,3
1235,41.1667,ghozlan,L08,0.6779,3
1236,41.2000,ghozlan,L08,0.6103,2
1237,41.2333,ghozlan,L08,0.5633,2
1238,41.2667,ghozlan,L08,0.4378,2
1239,41.3000,ghozlan,L08,0.1063,0
1240,41.3333,ghozlan,L08,0.0000,0
1241,41.3667,ghozlan,L08,0.0000,0
1242,41.4000,ghozlan,L08,0.0000,0
1243,41.4333,ghozlan,L08,0.0000,0
1244,41.4667,ghozlan,L08,0.3947,2
1245,41.5000,ghozlan,L08,0.9584,3
1246,41.5333,ghozlan,L08,1.0000,3
1247,41.5667,ghozlan,L08,1.0000,3
1248,41.6000,ghozlan,L08,0.7533,3
1249,41.6333,ghozlan,L08,0.3744,2
1250,41.6667,ghozlan,L08,0.2038,1
1251,41.7000,ghozlan,L08,0.5480,2
1252,41.7333,ghozlan,L08,0.5411,2
1253,41.7667,ghozlan,L08,0.2445,1
1254,41.8000,ghozlan,L08,0.3499,2
1255,41.8333,ghozlan,L08,0.4292,2
1256,41.8667,ghozlan,L08,0.5406,2
1257,41.9000,ghozlan,L08,0.8286,3
1258,41.9333,ghozlan,L08,1.0000,3
1259,41.9667,ghozlan,L08,1.0000,3
1260,42.0000,ghozlan,L08,1.0000,3
1261,42.0333,ghozlan,L08,1.0000,3
1262,42.0667,ghozlan,L08,1.0000,3
1263,42.1000,ghozlan,L08,0.8777,3
1264,42.1333,ghozlan,L08,0.5059,2
1265,42.1667,ghozlan,L08,0.0502,0
1266,42.2000,ghozlan,L08,0.6194,2
1267,42.2333,ghozlan,L08,0.9719,3
1268,42.2667,ghozlan,L08,0.8352,3
1269,42.3000,ghozlan,L08,0.2969,1
1270,42.3333,ghozlan,L08,0.0227,0
1271,42.3667,ghozlan,L08,0.0411,0
1272,42.4000,ghozlan,L08,0.0484,0
1273,42.4333,ghozlan,L08,0.0117,0
1274,42.4667,ghozlan,L08,0.0000,0
1275,42.5000,ghozlan,L08,0.0000,0
1276,42.5333,ghozlan,L08,0.2216,1
1277,42.5667,ghozlan,L08,0.9126,3
1278,42.6000,ghozlan,L08,1.0000,3
1279,42.6333,ghozlan,L08,1.0000,3
1280,42.6667,ghozlan,L08,0.7988,3
1281,42.7000,ghozlan,L08,0.6681,3
1282,42.7333,ghozlan,L08,0.9991,3
1283,42.7667,ghozlan,L08,0.9730,3
1284,42.8000,ghozlan,L08,0.7406,3
1285,42.8333,ghozlan,L08,0.6977,3
1286,42.8667,ghozlan,L08,0.5295,2
1287,42.9000,ghozlan,L08,0.4424,2
1288,42.9333,ghozlan,L08,0.3930,2
1289,42.9667,ghozlan,L08,0.4322,2
1290,43.0000,ghozlan,L08,0.3992,2
1291,43.0333,ghozlan,L08,0.4030,2
1292,43.0667,ghozlan,L08,0.2015,1
1293,43.1000,ghozlan,L08,0.0000,0
1294,43.1333,ghozlan,L08,0.0000,0
1295,43.1667,ghozlan,L08,0.2361,1
1296,43.2000,ghozlan,L08,0.3200,1
1297,43.2333,ghozlan,L08,0.2266,1
1298,43.2667,ghozlan,L08,0.0415,0
1299,43.3000,ghozlan,L08,0.0000,0
1300,43.3333,ghozlan,L08,0.0000,0
1301,43.3667,ghozlan,L08,0.0000,0
1302,43.4000,ghozlan,L08,0.0000,0
1303,43.4333,ghozlan,L08,0.0000,0
1304,43.4667,ghozlan,L08,0.6545,3
1305,43.5000,ghozlan,L08,0.8734,3
1306,43.5333,ghozlan,L08,0.7299,3
1307,43.5667,ghozlan,L08,0.4983,2
1308,43.6000,ghozlan,L08,0.3626,2
1309,43.6333,ghozlan,L08,0.2487,1
1310,43.6667,ghozlan,L08,0.5242,2
1311,43.7000,ghozlan,L08,1.0000,3
1312,43.7333,ghozlan,L08,0.9748,3
1313,43.7667,ghozlan,L08,0.1904,1
1314,43.8000,ghozlan,L08,0.0000,0
1315,43.8333,ghozlan,L08,0.0000,0
1316,43.8667,ghozlan,L08,0.0000,0
1317,43.9000,ghozlan,L08,0.0000,0
1318,43.9333,ghozlan,L08,0.1356,1
1319,43.9667,fatima,L09,0.6241,3
1320,44.0000,fatima,L09,1.0000,3
1321,44.0333,fatima,L09,1.0000,3
1322,44.0667,fatima,L09,1.0000,3
1323,44.1000,fatima,L09,0.9019,3
1324,44.1333,fatima,L09,0.7034,3
1325,44.1667,fatima,L09,0.6868,3
1326,44.2000,fatima,L09,0.6531,3
1327,44.2333,fatima,L09,0.6869,3
1328,44.2667,fatima,L09,0.8798,3
1329,44.3000,fatima,L09,0.9825,3
1330,44.3333,fatima,L09,0.8446,3
1331,44.3667,fatima,L09,0.8374,3
1332,44.4000,fatima,L09,0.9890,3
1333,44.4333,fatima,L09,1.0000,3
1334,44.4667,fatima,L09,1.0000,3
1335,44.5000,fatima,L09,0.9752,3
1336,44.5333,fatima,L09,0.9061,3
1337,44.5667,fatima,L09,0.7064,3
1338,44.6000,fatima,L09,0.5376,2
1339,44.6333,fatima,L09,0.8614,3
1340,44.6667,fatima,L09,1.0000,3
1341,44.7000,fatima,L09,1.0000,3
1342,44.7333,fatima,L09,1.0000,3
1343,44.7667,fatima,L09,1.0000,3
1344,44.8000,fatima,L09,0.8452,3
1345,44.8333,fatima,L09,0.7694,3
1346,44.8667,fatima,L09,1.0000,3
1347,44.9000,fatima,L09,1.0000,3
1348,44.9333,fatima,L09,1.0000,3
1349,44.9667,fatima,L09,1.0000,3
1350,45.0000,fatima,L09,1.0000,3
1351,45.0333,fatima,L09,0.9240,3
1352,45.0667,fatima,L09,0.7743,3
1353,45.1000,fatima,L09,0.7138,3
1354,45.1333,fatima,L09,0.5728,2
1355,45.1667,fatima,L09,0.2901,1
1356,45.2000,fatima,L09,0.0000,0
1357,45.2333,fatima,L09,0.0000,0
1358,45.2667,fatima,L09,0.0000,0
1359,45.3000,fatima,L09,0.0000,0
1360,45.3333,fatima,L09,0.0000,0
1361,45.3667,fatima,L09,0.0000,0
1362,45.4000,fatima,L09,0.5153,2
1363,45.4333,fatima,L09,0.9008,3
1364,45.4667,fatima,L09,0.9178,3
1365,45.5000,fatima,L09,0.7146,3
1366,45.5333,fatima,L09,0.6920,3
1367,45.5667,fatima,L09,0.8130,3
1368,45.6000,fatima,L09,0.9053,3
1369,45.6333,fatima,L09,0.9797,3
1370,45.6667,fatima,L09,1.0000,3
1371,45.7000,fatima,L09,1.0000,3
1372,45.7333,fatima,L09,0.9487,3
1373,45.7667,fatima,L09,0.7965,3
1374,45.8000,fatima,L09,0.9024,3
1375,45.8333,fatima,L09,0.7638,3
1376,45.8667,fatima,L09,0.2972,1
1377,45.9000,fatima,L09,0.0954,0
1378,45.9333,fatima,L09,0.5851,2
1379,45.9667,fatima,L09,0.9260,3
1380,46.0000,fatima,L09,0.9094,3
1381,46.0333,fatima,L09,0.7898,3
1382,46.0667,fatima,L09,0.9561,3
1383,46.1000,fatima,L09,1.0000,3
1384,46.1333,fatima,L09,0.8694,3
1385,46.1667,fatima,L09,0.7421,3
1386,46.2000,fatima,L09,0.8003,3
1387,46.2333,fatima,L09,0.8368,3
1388,46.2667,fatima,L09,0.7932,3
1389,46.3000,fatima,L09,0.7892,3
1390,46.3333,fatima,L09,0.8421,3
1391,46.3667,fatima,L09,0.6055,2
1392,46.4000,fatima,L09,0.1013,0
1393,46.4333,fatima,L09,0.5605,2
1394,46.4667,fatima,L09,0.8928,3
1395,46.5000,fatima,L09,0.8784,3
1396,46.5333,fatima,L09,0.5006,2
1397,46.5667,fatima,L09,0.0924,0
1398,46.6000,fatima,L09,0.0000,0
1399,46.6333,fatima,L09,0.0000,0
1400,46.6667,fatima,L09,0.0000,0
1401,46.7000,fatima,L09,0.0072,0
1402,46.7333,fatima,L09,0.0696,0
1403,46.7667,fatima,L09,0.1609,1
1404,46.8000,fatima,L09,0.3254,2
1405,46.8333,fatima,L09,0.8269,3
1406,46.8667,fatima,L09,0.9358,3
1407,46.9000,fatima,L09,0.6045,2
1408,46.9333,fatima,L09,0.3278,2
1409,46.9667,fatima,L09,0.1837,1
1410,47.0000,fatima,L09,0.1423,1
1411,47.0333,fatima,L09,0.1820,1
1412,47.0667,fatima,L09,0.8209,3
1413,47.1000,fatima,L09,0.9232,3
1414,47.1333,fatima,L09,0.4997,2
1415,47.1667,none,,0.1485,0
1416,47.2000,none,,0.0000,0
1417,47.2333,none,,0.0000,0
1418,47.2667,none,,0.0000,0
1419,47.3000,none,,0.0000,0
1420,47.3333,none,,0.0000,0
1421,47.3667,none,,0.0000,0
1422,47.4000,none,,0.0232,0
1423,47.4333,none,,0.0239,0
1424,47.4667,none,,0.0000,0
1425,47.5000,none,,0.0000,0
1426,47.5333,none,,0.0000,0
1427,47.5667,none,,0.0000,0
1428,47.6000,none,,0.0000,0
1429,47.6333,none,,0.0000,0
1430,47.6667,none,,0.0000,0
1431,47.7000,dr_heba,L10,0.9083,3
1432,47.7333,dr_heba,L10,1.0000,3
1433,47.7667,dr_heba,L10,1.0000,3
1434,47.8000,dr_heba,L10,1.0000,3
1435,47.8333,dr_heba,L10,1.0000,3
1436,47.8667,dr_heba,L10,1.0000,3
1437,47.9000,dr_heba,L10,0.7187,3
1438,47.9333,dr_heba,L10,0.1229,1
1439,47.9667,dr_heba,L10,0.0388,0
1440,48.0000,dr_heba,L10,0.0788,0
1441,48.0333,dr_heba,L10,0.0831,0
1442,48.0667,dr_heba,L10,0.3097,1
1443,48.1000,dr_heba,L10,0.4169,2
1444,48.1333,dr_heba,L10,0.4611,2
1445,48.1667,dr_heba,L10,0.5398,2
1446,48.2000,dr_heba,L10,0.6008,2
1447,48.2333,dr_heba,L10,0.6585,3
1448,48.2667,dr_heba,L10,0.7334,3
1449,48.3000,dr_heba,L10,0.8092,3
1450,48.3333,dr_heba,L10,0.7984,3
1451,48.3667,dr_heba,L10,0.7568,3
1452,48.4000,dr_heba,L10,0.6361,3
1453,48.4333,dr_heba,L10,0.3617,2
1454,48.4667,dr_heba,L10,0.3522,2
1455,48.5000,dr_heba,L10,0.7035,3
1456,48.5333,dr_heba,L10,0.7007,3
1457,48.5667,dr_heba,L10,0.3973,2
1458,48.6000,dr_heba,L10,0.2688,1
1459,48.6333,dr_heba,L10,0.1530,1
1460,48.6667,dr_heba,L10,0.0091,0
1461,48.7000,dr_heba,L10,0.0450,0
1462,48.7333,dr_heba,L10,0.5628,2
1463,48.7667,dr_heba,L10,0.9819,3
1464,48.8000,dr_heba,L10,1.0000,3
1465,48.8333,dr_heba,L10,1.0000,3
1466,48.8667,dr_heba,L10,1.0000,3
1467,48.9000,dr_heba,L10,1.0000,3
1468,48.9333,dr_heba,L10,0.7515,3
1469,48.9667,dr_heba,L10,0.5993,2
1470,49.0000,dr_heba,L10,0.5383,2
1471,49.0333,dr_heba,L10,0.4706,2
1472,49.0667,dr_heba,L10,0.5347,2
1473,49.1000,dr_heba,L10,0.8108,3
1474,49.1333,dr_heba,L10,1.0000,3
1475,49.1667,dr_heba,L10,1.0000,3
1476,49.2000,dr_heba,L10,0.8694,3
1477,49.2333,dr_heba,L10,0.6628,3
1478,49.2667,dr_heba,L10,0.9794,3
1479,49.3000,dr_heba,L10,0.9286,3
1480,49.3333,dr_heba,L10,0.6296,3
1481,49.3667,dr_heba,L10,0.4735,2
1482,49.4000,dr_heba,L10,0.2892,1
1483,49.4333,dr_heba,L10,0.0152,0
1484,49.4667,dr_heba,L10,0.0000,0
1485,49.5000,dr_heba,L10,0.1088,0
1486,49.5333,dr_heba,L10,0.3648,2
1487,49.5667,dr_heba,L10,0.4555,2
1488,49.6000,dr_heba,L10,0.3374,2
1489,49.6333,dr_heba,L10,0.2100,1
1490,49.6667,dr_heba,L10,0.1662,1
1491,49.7000,dr_heba,L10,0.1065,0
1492,49.7333,dr_heba,L10,0.0661,0
1493,49.7667,dr_heba,L10,0.0343,0
1494,49.8000,dr_heba,L10,0.0006,0
1495,49.8333,dr_heba,L10,0.0000,0
1496,49.8667,dr_heba,L10,0.0000,0
1497,49.9000,dr_heba,L10,0.0000,0
1498,49.9333,dr_heba,L10,0.0000,0
1499,49.9667,dr_heba,L10,0.0000,0
1500,50.0000,dr_heba,L10,0.0029,0
1501,50.0333,dr_heba,L10,0.1343,1
1502,50.0667,dr_heba,L10,0.1593,1
1503,50.1000,dr_heba,L10,0.1720,1
1504,50.1333,dr_heba,L10,0.1871,1
1505,50.1667,dr_heba,L10,0.2247,1
1506,50.2000,dr_heba,L10,0.2738,1
1507,50.2333,dr_heba,L10,0.2819,1
1508,50.2667,dr_heba,L10,0.2014,1
1509,50.3000,dr_heba,L10,0.1051,0
1510,50.3333,dr_heba,L10,0.0939,0
1511,50.3667,dr_heba,L10,0.1691,1
1512,50.4000,dr_heba,L10,0.1933,1
1513,50.4333,dr_heba,L10,0.1388,1
1514,50.4667,dr_heba,L10,0.1569,1
1515,50.5000,dr_heba,L10,0.1786,1
1516,50.5333,dr_heba,L10,0.3501,2
1517,50.5667,dr_heba,L10,0.8134,3
1518,50.6000,dr_heba,L10,0.7977,3
1519,50.6333,dr_heba,L10,0.2651,1
1520,50.6667,dr_heba,L10,0.3730,2
1521,50.7000,dr_heba,L10,0.5820,2
1522,50.7333,dr_heba,L10,0.4828,2
1523,50.7667,dr_heba,L10,0.2005,1
1524,50.8000,dr_heba,L10,0.0000,0
1525,50.8333,dr_heba,L10,0.0042,0
1526,50.8667,dr_heba,L10,0.0051,0
1527,50.9000,dr_heba,L10,0.0000,0
1528,50.9333,dr_heba,L10,0.0000,0
1529,50.9667,dr_heba,L10,0.0000,0
1530,51.0000,dr_heba,L10,0.0000,0
1531,51.0333,dr_heba,L10,0.0000,0
1532,51.0667,dr_heba,L10,0.1674,1
1533,51.1000,dr_heba,L10,0.4111,2
1534,51.1333,dr_heba,L10,0.4327,2
1535,51.1667,dr_heba,L10,0.2481,1
1536,51.2000,dr_heba,L10,0.2527,1
1537,51.2333,dr_heba,L10,0.7854,3
1538,51.2667,dr_heba,L10,0.7901,3
1539,51.3000,dr_heba,L10,0.3115,1
1540,51.3333,dr_heba,L10,0.2741,1
1541,51.3667,dr_heba,L10,0.2147,1
1542,51.4000,dr_heba,L10,0.3034,1
1543,51.4333,dr_heba,L10,0.3408,2
1544,51.4667,dr_heba,L10,0.1971,1
1545,51.5000,dr_heba,L10,0.0220,0
1546,51.5333,dr_heba,L10,0.0374,0
1547,51.5667,dr_heba,L10,0.2330,1
1548,51.6000,dr_heba,L10,0.3509,2
1549,51.6333,dr_heba,L10,0.3276,2
1550,51.6667,dr_heba,L10,0.2772,1
1551,51.7000,dr_heba,L10,0.2632,1
1552,51.7333,dr_heba,L10,0.1964,1
1553,51.7667,dr_heba,L10,0.1197,1
1554,51.8000,dr_heba,L10,0.0350,0
1555,51.8333,dr_heba,L10,0.0276,0
1556,51.8667,dr_heba,L10,0.0271,0
1557,51.9000,dr_heba,L10,0.0000,0
1558,51.9333,dr_heba,L10,0.0000,0
1559,51.9667,dr_heba,L10,0.0000,0
1560,52.0000,dr_heba,L10,0.0000,0
1561,52.0333,dr_heba,L10,0.0000,0
1562,52.0667,none,,0.0000,0
1563,52.1000,none,,0.0000,0
1564,52.1333,none,,0.0000,0
1565,52.1667,none,,0.0000,0
1566,52.2000,none,,0.0000,0
1567,52.2333,none,,0.4030,0
1568,52.2667,ghozlan,L11,0.9949,3
1569,52.3000,ghozlan,L11,1.0000,3
1570,52.3333,ghozlan,L11,1.0000,3
1571,52.3667,ghozlan,L11,1.0000,3
1572,52.4000,ghozlan,L11,1.0000,3
1573,52.4333,ghozlan,L11,1.0000,3
1574,52.4667,ghozlan,L11,1.0000,3
1575,52.5000,ghozlan,L11,1.0000,3
1576,52.5333,ghozlan,L11,0.9359,3
1577,52.5667,ghozlan,L11,0.7611,3
1578,52.6000,ghozlan,L11,0.8256,3
1579,52.6333,ghozlan,L11,0.9515,3
1580,52.6667,ghozlan,L11,1.0000,3
1581,52.7000,ghozlan,L11,0.9365,3
1582,52.7333,ghozlan,L11,1.0000,3
1583,52.7667,ghozlan,L11,1.0000,3
1584,52.8000,ghozlan,L11,1.0000,3
1585,52.8333,ghozlan,L11,1.0000,3
1586,52.8667,ghozlan,L11,1.0000,3
1587,52.9000,ghozlan,L11,1.0000,3
1588,52.9333,ghozlan,L11,0.8720,3
1589,52.9667,ghozlan,L11,0.3847,2
1590,53.0000,ghozlan,L11,0.6589,3
1591,53.0333,ghozlan,L11,1.0000,3
1592,53.0667,ghozlan,L11,1.0000,3
1593,53.1000,ghozlan,L11,1.0000,3
1594,53.1333,ghozlan,L11,1.0000,3
1595,53.1667,ghozlan,L11,1.0000,3
1596,53.2000,ghozlan,L11,0.9452,3
1597,53.2333,ghozlan,L11,0.8494,3
1598,53.2667,ghozlan,L11,0.5694,2
1599,53.3000,ghozlan,L11,0.2540,1
1600,53.3333,ghozlan,L11,0.2340,1
1601,53.3667,ghozlan,L11,0.1795,1
1602,53.4000,ghozlan,L11,0.1250,1
1603,53.4333,ghozlan,L11,0.0984,0
1604,53.4667,ghozlan,L11,0.1664,1
1605,53.5000,ghozlan,L11,0.8168,3
1606,53.5333,ghozlan,L11,1.0000,3
1607,53.5667,ghozlan,L11,0.8836,3
1608,53.6000,ghozlan,L11,0.4804,2
1609,53.6333,ghozlan,L11,0.5362,2
1610,53.6667,ghozlan,L11,0.8188,3
1611,53.7000,ghozlan,L11,0.9412,3
1612,53.7333,ghozlan,L11,0.9782,3
1613,53.7667,ghozlan,L11,0.8765,3
1614,53.8000,ghozlan,L11,0.7246,3
1615,53.8333,ghozlan,L11,0.6036,2
1616,53.8667,ghozlan,L11,0.6703,3
1617,53.9000,ghozlan,L11,0.8858,3
1618,53.9333,ghozlan,L11,1.0000,3
1619,53.9667,ghozlan,L11,1.0000,3
1620,54.0000,ghozlan,L11,1.0000,3
1621,54.0333,ghozlan,L11,1.0000,3
1622,54.0667,ghozlan,L11,0.8673,3
1623,54.1000,ghozlan,L11,1.0000,3
1624,54.1333,ghozlan,L11,0.9309,3
1625,54.1667,ghozlan,L11,0.5766,2
1626,54.2000,ghozlan,L11,0.3084,1
1627,54.2333,ghozlan,L11,0.2928,1
1628,54.2667,ghozlan,L11,0.7265,3
1629,54.3000,ghozlan,L11,1.0000,3
1630,54.3333,ghozlan,L11,1.0000,3
1631,54.3667,ghozlan,L11,1.0000,3
1632,54.4000,ghozlan,L11,1.0000,3
1633,54.4333,ghozlan,L11,1.0000,3
1634,54.4667,ghozlan,L11,0.8922,3
1635,54.5000,ghozlan,L11,0.9870,3
1636,54.5333,ghozlan,L11,1.0000,3
1637,54.5667,ghozlan,L11,1.0000,3
1638,54.6000,ghozlan,L11,0.9320,3
1639,54.6333,ghozlan,L11,0.7326,3
1640,54.6667,ghozlan,L11,0.5083,2
1641,54.7000,ghozlan,L11,0.6132,2
1642,54.7333,ghozlan,L11,0.7038,3
1643,54.7667,ghozlan,L11,0.5700,2
1644,54.8000,ghozlan,L11,0.3403,2
1645,54.8333,ghozlan,L11,0.3887,2
1646,54.8667,ghozlan,L11,0.9246,3
1647,54.9000,ghozlan,L11,1.0000,3
1648,54.9333,ghozlan,L11,0.8043,3
1649,54.9667,ghozlan,L11,0.6221,3
1650,55.0000,ghozlan,L11,0.4412,2
1651,55.0333,ghozlan,L11,0.3222,2
1652,55.0667,ghozlan,L11,0.0000,0
1653,55.1000,ghozlan,L11,0.0000,0
1654,55.1333,ghozlan,L11,0.0000,0
1655,55.1667,ghozlan,L11,0.0000,0
1656,55.2000,ghozlan,L11,0.0000,0
1657,55.2333,ghozlan,L11,0.0386,0
1658,55.2667,ghozlan,L11,0.7688,3
1659,55.3000,ghozlan,L11,1.0000,3
1660,55.3333,ghozlan,L11,1.0000,3
1661,55.3667,ghozlan,L11,1.0000,3
1662,55.4000,ghozlan,L11,0.9675,3
1663,55.4333,ghozlan,L11,0.6347,3
1664,55.4667,ghozlan,L11,0.3826,2
1665,55.5000,ghozlan,L11,0.2191,1
1666,55.5333,ghozlan,L11,0.4989,2
1667,55.5667,ghozlan,L11,0.8556,3
1668,55.6000,ghozlan,L11,0.9052,3
1669,55.6333,ghozlan,L11,0.7240,3
1670,55.6667,ghozlan,L11,0.5374,2
1671,55.7000,ghozlan,L11,0.2003,1
1672,55.7333,ghozlan,L11,0.2450,1
1673,55.7667,ghozlan,L11,0.7855,3
1674,55.8000,ghozlan,L11,0.8744,3
1675,55.8333,ghozlan,L11,0.4964,2
1676,55.8667,ghozlan,L11,0.0297,0
1677,55.9000,ghozlan,L11,0.1350,1
1678,55.9333,ghozlan,L11,0.1392,1
1679,55.9667,ghozlan,L11,0.0366,0
1680,56.0000,ghozlan,L11,0.0000,0
1681,56.0333,ghozlan,L11,0.0000,0
1682,56.0667,ghozlan,L11,0.0000,0
1683,56.1000,ghozlan,L11,0.2454,1
1684,56.1333,ghozlan,L11,0.7389,3
1685,56.1667,ghozlan,L11,1.0000,3
1686,56.2000,ghozlan,L11,0.8461,3
1687,56.2333,ghozlan,L11,0.6702,3
1688,56.2667,ghozlan,L11,1.0000,3
1689,56.3000,ghozlan,L11,1.0000,3
1690,56.3333,ghozlan,L11,0.9458,3
1691,56.3667,ghozlan,L11,0.8320,3
1692,56.4000,ghozlan,L11,0.4008,2
1693,56.4333,ghozlan,L11,0.6552,3
1694,56.4667,ghozlan,L11,0.9348,3
1695,56.5000,ghozlan,L11,0.9176,3
1696,56.5333,ghozlan,L11,0.8995,3
1697,56.5667,ghozlan,L11,0.9594,3
1698,56.6000,ghozlan,L11,0.9683,3
1699,56.6333,ghozlan,L11,1.0000,3
1700,56.6667,ghozlan,L11,1.0000,3
1701,56.7000,ghozlan,L11,1.0000,3
1702,56.7333,ghozlan,L11,0.8881,3
1703,56.7667,ghozlan,L11,0.5755,2
1704,56.8000,ghozlan,L11,0.6539,3
1705,56.8333,ghozlan,L11,0.6052,2
1706,56.8667,ghozlan,L11,0.3937,2
1707,56.9000,ghozlan,L11,0.1666,1
1708,56.9333,ghozlan,L11,0.0075,0
1709,56.9667,ghozlan,L11,0.3431,2
1710,57.0000,ghozlan,L11,0.4685,2
1711,57.0333,ghozlan,L11,0.3241,2
1712,57.0667,ghozlan,L11,0.0048,0
1713,57.1000,ghozlan,L11,0.0000,0
1714,57.1333,ghozlan,L11,0.1854,1
1715,57.1667,ghozlan,L11,0.2652,1
1716,57.2000,ghozlan,L11,0.1979,1
1717,57.2333,none,,0.0731,0
1718,57.2667,none,,0.0000,0
1719,57.3000,none,,0.0000,0
1720,57.3333,none,,0.0000,0
1721,57.3667,none,,0.0000,0
1722,57.4000,none,,0.0000,0
1723,57.4333,none,,0.0000,0
1724,57.4667,none,,0.0000,0
1725,57.5000,none,,0.0714,0
1726,57.5333,narrator,L12,0.2463,1
1727,57.5667,narrator,L12,0.4912,2
1728,57.6000,narrator,L12,0.8178,3
1729,57.6333,narrator,L12,1.0000,3
1730,57.6667,narrator,L12,1.0000,3
1731,57.7000,narrator,L12,0.7889,3
1732,57.7333,narrator,L12,0.6655,3
1733,57.7667,narrator,L12,0.5726,2
1734,57.8000,narrator,L12,0.5919,2
1735,57.8333,narrator,L12,0.7308,3
1736,57.8667,narrator,L12,0.6357,3
1737,57.9000,narrator,L12,0.3006,1
1738,57.9333,narrator,L12,0.0777,0
1739,57.9667,narrator,L12,0.0390,0
1740,58.0000,narrator,L12,0.0487,0
1741,58.0333,narrator,L12,0.7780,3
1742,58.0667,narrator,L12,0.9678,3
1743,58.1000,narrator,L12,0.7255,3
1744,58.1333,narrator,L12,0.6356,3
1745,58.1667,narrator,L12,0.5713,2
1746,58.2000,narrator,L12,0.6399,3
1747,58.2333,narrator,L12,0.8486,3
1748,58.2667,narrator,L12,1.0000,3
1749,58.3000,narrator,L12,1.0000,3
1750,58.3333,narrator,L12,0.9761,3
1751,58.3667,narrator,L12,0.5767,2
1752,58.4000,narrator,L12,0.1849,1
1753,58.4333,narrator,L12,0.5266,2
1754,58.4667,narrator,L12,0.5838,2
1755,58.5000,narrator,L12,0.3383,2
1756,58.5333,narrator,L12,0.1954,1
1757,58.5667,narrator,L12,0.1415,1
1758,58.6000,narrator,L12,0.5207,2
1759,58.6333,narrator,L12,0.7467,3
1760,58.6667,narrator,L12,0.5810,2
1761,58.7000,narrator,L12,0.1210,1
1762,58.7333,narrator,L12,0.1525,1
1763,58.7667,narrator,L12,0.4954,2
1764,58.8000,narrator,L12,1.0000,3
1765,58.8333,narrator,L12,1.0000,3
1766,58.8667,narrator,L12,1.0000,3
1767,58.9000,narrator,L12,0.7254,3
1768,58.9333,narrator,L12,0.7161,3
1769,58.9667,narrator,L12,0.7902,3
1770,59.0000,narrator,L12,0.8275,3
1771,59.0333,narrator,L12,0.5975,2
1772,59.0667,narrator,L12,0.1948,1
1773,59.1000,narrator,L12,0.1349,1
1774,59.1333,narrator,L12,0.2105,1
1775,59.1667,narrator,L12,0.4941,2
1776,59.2000,narrator,L12,0.6010,2
1777,59.2333,narrator,L12,0.4997,2
1778,59.2667,narrator,L12,0.2453,1
1779,59.3000,narrator,L12,0.1528,1
1780,59.3333,narrator,L12,0.1270,1
1781,59.3667,narrator,L12,0.0928,0
1782,59.4000,narrator,L12,0.0283,0
1783,59.4333,narrator,L12,0.0100,0
1784,59.4667,narrator,L12,0.0030,0
1785,59.5000,narrator,L12,0.0000,0
1786,59.5333,narrator,L12,0.0000,0
1787,59.5667,narrator,L12,0.0000,0
1788,59.6000,narrator,L12,0.0000,0
1789,59.6333,narrator,L12,0.0000,0
1790,59.6667,narrator,L12,0.0000,0
1791,59.7000,narrator,L12,0.0000,0
1792,59.7333,narrator,L12,0.0000,0
1793,59.7667,narrator,L12,0.0154,0
1794,59.8000,narrator,L12,0.2306,1
1795,59.8333,narrator,L12,0.4834,2
1796,59.8667,narrator,L12,0.8654,3
1797,59.9000,narrator,L12,0.9285,3
1798,59.9333,narrator,L12,0.9392,3
1799,59.9667,narrator,L12,1.0000,3
1800,60.0000,narrator,L12,1.0000,3
1801,60.0333,narrator,L12,1.0000,3
1802,60.0667,narrator,L12,1.0000,3
1803,60.1000,narrator,L12,1.0000,3
1804,60.1333,narrator,L12,1.0000,3
1805,60.1667,narrator,L12,0.8684,3
1806,60.2000,narrator,L12,0.6172,2
1807,60.2333,narrator,L12,0.5632,2
1808,60.2667,narrator,L12,0.4382,2
1809,60.3000,narrator,L12,0.2591,1
1810,60.3333,narrator,L12,0.0597,0
1811,60.3667,narrator,L12,0.0556,0
1812,60.4000,narrator,L12,0.0455,0
1813,60.4333,narrator,L12,0.1791,1
1814,60.4667,narrator,L12,0.3586,2
1815,60.5000,narrator,L12,0.4937,2
1816,60.5333,narrator,L12,0.4752,2
1817,60.5667,narrator,L12,0.4600,2
1818,60.6000,narrator,L12,1.0000,3
1819,60.6333,narrator,L12,1.0000,3
1820,60.6667,narrator,L12,1.0000,3
1821,60.7000,narrator,L12,0.9802,3
1822,60.7333,narrator,L12,0.4737,2
1823,60.7667,narrator,L12,0.3600,2
1824,60.8000,narrator,L12,0.1104,1
1825,60.8333,narrator,L12,0.1496,1
1826,60.8667,narrator,L12,0.3102,1
1827,60.9000,narrator,L12,0.2974,1
1828,60.9333,narrator,L12,0.1046,0
1829,60.9667,narrator,L12,0.0963,0
1830,61.0000,narrator,L12,0.7802,3
1831,61.0333,narrator,L12,0.9131,3
1832,61.0667,narrator,L12,0.6335,3
1833,61.1000,narrator,L12,0.2801,1
1834,61.1333,narrator,L12,0.2445,1
1835,61.1667,narrator,L12,0.6382,3
1836,61.2000,narrator,L12,0.7549,3
1837,61.2333,narrator,L12,0.5240,2
1838,61.2667,narrator,L12,0.3320,2
1839,61.3000,narrator,L12,0.2374,1
1840,61.3333,narrator,L12,0.1484,1
1841,61.3667,narrator,L12,0.0944,0
1842,61.4000,narrator,L12,0.0877,0
1843,61.4333,narrator,L12,0.1931,1
1844,61.4667,narrator,L12,0.1883,1
1845,61.5000,narrator,L12,0.0415,0
1846,61.5333,narrator,L12,0.0034,0
1847,61.5667,narrator,L12,0.1339,1
1848,61.6000,narrator,L12,0.6329,3
1849,61.6333,narrator,L12,0.9258,3
1850,61.6667,narrator,L12,0.9831,3
1851,61.7000,narrator,L12,0.9581,3
1852,61.7333,narrator,L12,0.8738,3
1853,61.7667,narrator,L12,0.7397,3
1854,61.8000,narrator,L12,0.5869,2
1855,61.8333,narrator,L12,0.4716,2
1856,61.8667,narrator,L12,0.3088,1
1857,61.9000,narrator,L12,0.1168,1
1858,61.9333,narrator,L12,0.0088,0
1859,61.9667,narrator,L12,0.1126,1
1860,62.0000,narrator,L12,0.3498,2
1861,62.0333,narrator,L12,0.5964,2
1862,62.0667,narrator,L12,0.7910,3
1863,62.1000,narrator,L12,0.8209,3
1864,62.1333,narrator,L12,0.6250,3
1865,62.1667,narrator,L12,0.7128,3
1866,62.2000,narrator,L12,1.0000,3
1867,62.2333,narrator,L12,0.9459,3
1868,62.2667,narrator,L12,0.7688,3
1869,62.3000,narrator,L12,0.7391,3
1870,62.3333,narrator,L12,0.4429,2
1871,62.3667,narrator,L12,0.4164,2
1872,62.4000,narrator,L12,0.4450,2
1873,62.4333,narrator,L12,0.3012,1
1874,62.4667,narrator,L12,0.2037,1
1875,62.5000,narrator,L12,0.5189,2
1876,62.5333,narrator,L12,0.5221,2
1877,62.5667,narrator,L12,0.2639,1
1878,62.6000,narrator,L12,0.2143,1
1879,62.6333,narrator,L12,0.1920,1
1880,62.6667,narrator,L12,0.3603,2
1881,62.7000,narrator,L12,0.4032,2
1882,62.7333,narrator,L12,0.3739,2
1883,62.7667,narrator,L12,0.6095,2
1884,62.8000,narrator,L12,0.7466,3
1885,62.8333,narrator,L12,0.7089,3
1886,62.8667,narrator,L12,0.6209,3
1887,62.9000,narrator,L12,0.4291,2
1888,62.9333,narrator,L12,0.2083,1
1889,62.9667,narrator,L12,0.1281,1
1890,63.0000,narrator,L12,0.1447,1
1891,63.0333,narrator,L12,0.2387,1
1892,63.0667,narrator,L12,0.2732,1
1893,63.1000,narrator,L12,0.2182,1
1894,63.1333,narrator,L12,0.2290,1
1895,63.1667,narrator,L12,0.2697,1
1896,63.2000,narrator,L12,0.4912,2
1897,63.2333,narrator,L12,0.5906,2
1898,63.2667,narrator,L12,0.5483,2
1899,63.3000,narrator,L12,0.5418,2
1900,63.3333,narrator,L12,0.6422,3
1901,63.3667,narrator,L12,0.6248,3
1902,63.4000,narrator,L12,0.4468,2
1903,63.4333,narrator,L12,0.5761,2
1904,63.4667,narrator,L12,0.7986,3
1905,63.5000,narrator,L12,0.7812,3
1906,63.5333,narrator,L12,0.5560,2
1907,63.5667,narrator,L12,0.3379,2
1908,63.6000,narrator,L12,0.2618,1
1909,63.6333,narrator,L12,0.3798,2
1910,63.6667,narrator,L12,0.4486,2
1911,63.7000,narrator,L12,0.3538,2
1912,63.7333,narrator,L12,0.1891,1
1913,63.7667,narrator,L12,0.1058,0
1914,63.8000,narrator,L12,0.1277,1
1915,63.8333,narrator,L12,0.1245,1
1916,63.8667,narrator,L12,0.0757,0
1917,63.9000,narrator,L12,0.0407,0
1918,63.9333,narrator,L12,0.0004,0
1919,63.9667,narrator,L12,0.0000,0
1920,64.0000,narrator,L12,0.0000,0
1921,64.0333,narrator,L12,0.0000,0
1922,64.0667,narrator,L12,0.0000,0
1923,64.1000,narrator,L12,0.0000,0
1924,64.1333,narrator,L12,0.0000,0
1925,64.1667,narrator,L12,0.0000,0
1926,64.2000,narrator,L12,0.0000,0
1927,64.2333,narrator,L12,0.0000,0
1928,64.2667,narrator,L12,0.0000,0
1929,64.3000,narrator,L12,0.0755,0
1930,64.3333,narrator,L12,0.4998,2
1931,64.3667,narrator,L12,1.0000,3
1932,64.4000,narrator,L12,1.0000,3
1933,64.4333,narrator,L12,1.0000,3
1934,64.4667,narrator,L12,0.6725,3
1935,64.5000,narrator,L12,0.3184,1
1936,64.5333,narrator,L12,0.1732,1
1937,64.5667,narrator,L12,0.3072,1
1938,64.6000,narrator,L12,0.4078,2
1939,64.6333,narrator,L12,0.3973,2
1940,64.6667,narrator,L12,0.3486,2
1941,64.7000,narrator,L12,0.4011,2
1942,64.7333,narrator,L12,0.4461,2
1943,64.7667,narrator,L12,0.4311,2
1944,64.8000,narrator,L12,0.5559,2
1945,64.8333,narrator,L12,1.0000,3
1946,64.8667,narrator,L12,1.0000,3
1947,64.9000,narrator,L12,1.0000,3
1948,64.9333,narrator,L12,0.7671,3
1949,64.9667,narrator,L12,0.3099,1
1950,65.0000,narrator,L12,0.0982,0
1951,65.0333,narrator,L12,0.1151,1
1952,65.0667,narrator,L12,0.1184,1
1953,65.1000,narrator,L12,0.1497,1
1954,65.1333,narrator,L12,0.3447,2
1955,65.1667,narrator,L12,0.4812,2
1956,65.2000,narrator,L12,0.5154,2
1957,65.2333,narrator,L12,0.5244,2
1958,65.2667,narrator,L12,0.5114,2
1959,65.3000,narrator,L12,0.5231,2
1960,65.3333,narrator,L12,0.8328,3
1961,65.3667,narrator,L12,1.0000,3
1962,65.4000,narrator,L12,0.8861,3
1963,65.4333,narrator,L12,0.2338,1
1964,65.4667,narrator,L12,0.1337,1
1965,65.5000,narrator,L12,0.2451,1
1966,65.5333,narrator,L12,0.3481,2
1967,65.5667,narrator,L12,0.3341,2
1968,65.6000,narrator,L12,0.1210,1
1969,65.6333,narrator,L12,0.5304,2
1970,65.6667,narrator,L12,0.8096,3
1971,65.7000,narrator,L12,0.7001,3
1972,65.7333,narrator,L12,0.4651,2
1973,65.7667,narrator,L12,0.7204,3
1974,65.8000,narrator,L12,0.8533,3
1975,65.8333,narrator,L12,0.7971,3
1976,65.8667,narrator,L12,0.6951,3
1977,65.9000,narrator,L12,0.5041,2
1978,65.9333,narrator,L12,0.5208,2
1979,65.9667,narrator,L12,0.5836,2
1980,66.0000,narrator,L12,0.5940,2
1981,66.0333,narrator,L12,0.5293,2
1982,66.0667,narrator,L12,0.5170,2
1983,66.1000,narrator,L12,0.4773,2
1984,66.1333,narrator,L12,0.4744,2
1985,66.1667,narrator,L12,0.4415,2
1986,66.2000,narrator,L12,0.4151,2
1987,66.2333,narrator,L12,0.3024,1
1988,66.2667,narrator,L12,0.1635,1
1989,66.3000,narrator,L12,0.0423,0
1990,66.3333,narrator,L12,0.0066,0
1991,66.3667,narrator,L12,0.0000,0
1992,66.4000,narrator,L12,0.0000,0
1993,66.4333,narrator,L12,0.0000,0
1994,66.4667,narrator,L12,0.0455,0
1995,66.5000,narrator,L12,0.1088,0
1996,66.5333,narrator,L12,0.4188,2
1997,66.5667,narrator,L12,0.8271,3
1998,66.6000,narrator,L12,0.8889,3
1999,66.6333,narrator,L12,0.5567,2
2000,66.6667,narrator,L12,0.6191,2
2001,66.7000,narrator,L12,0.7667,3
2002,66.7333,narrator,L12,0.8264,3
2003,66.7667,narrator,L12,0.8267,3
2004,66.8000,narrator,L12,0.6941,3
2005,66.8333,narrator,L12,0.6463,3
2006,66.8667,narrator,L12,0.5690,2
2007,66.9000,narrator,L12,0.3733,2
2008,66.9333,narrator,L12,0.5929,2
2009,66.9667,narrator,L12,0.6775,3
2010,67.0000,narrator,L12,0.4903,2
2011,67.0333,narrator,L12,0.3292,2
2012,67.0667,narrator,L12,0.2078,1
2013,67.1000,narrator,L12,0.1585,1
2014,67.1333,narrator,L12,0.1193,1
2015,67.1667,narrator,L12,0.1020,0
2016,67.2000,narrator,L12,0.0699,0
2017,67.2333,narrator,L12,0.0503,0
2018,67.2667,none,,0.0287,0
2019,67.3000,none,,0.0000,0
2020,67.3333,none,,0.0000,0
2021,67.3667,none,,0.0000,0
2022,67.4000,none,,0.0000,0
2023,67.4333,none,,0.0000,0
2024,67.4667,none,,0.0000,0
